index,id,title,douyin_url,baidu_url
0,1639,室町幕府,/wikiid/6315760686253826452?source=search,https://baike.baidu.com/item/%E5%AE%A4%E7%94%BA%E5%B9%95%E5%BA%9C
1,1643,幕府 (日本),/wikiid/6256675255248534698?source=search,https://baike.baidu.com/item/%E5%B9%95%E5%BA%9C/2811169
2,1644,后南朝,/wikiid/6115770487653730931?source=search,https://baike.baidu.com/item/%E5%90%8E%E5%8D%97%E6%9C%9D
3,916,奈佐日本助,/wikiid/5179075197133673937?source=search,https://baike.baidu.com/item/%E5%A5%88%E4%BD%90%E6%97%A5%E6%9C%AC%E5%8A%A9
4,326,后藤基次,/wikiid/9135314233783120964?source=search,https://baike.baidu.com/item/%E5%90%8E%E8%97%A4%E5%9F%BA%E6%AC%A1
5,1427,花房职秀,/wikiid/640511288557467230?source=search,https://baike.baidu.com/item/%E8%8A%B1%E6%88%BF%E8%81%8C%E7%A7%80
6,1698,上月城之战,/wikiid/4220856139830548109?source=search,https://baike.baidu.com/item/%E4%B8%8A%E6%9C%88%E5%9F%8E%E4%B9%8B%E6%88%98
7,646,谷柏直家,/wikiid/9041599775896196433?source=search,https://baike.baidu.com/item/%E8%B0%B7%E6%9F%8F%E7%9B%B4%E5%AE%B6
8,1628,京都,/wikiid/120052733634217886?source=search,https://baike.baidu.com/item/%E4%BA%AC%E9%83%BD%E5%B8%82/9488353?fromtitle=%E4%BA%AC%E9%83%BD&fromid=10290262
9,1411,织田信秀 (信长之子),,
10,1489,野野村雅春,,
11,1287,泷川益重,,
12,667,游佐续光,/wikiid/3746069202155247139?source=search,https://baike.baidu.com/item/%E6%B8%B8%E4%BD%90%E7%BB%AD%E5%85%89
13,1785,城下町,/wikiid/8369040172459513596?source=search,https://baike.baidu.com/item/%E5%9F%8E%E4%B8%8B%E7%94%BA
14,1580,龙造寺胤荣,,
15,1935,近卫前子,,https://baike.baidu.com/item/%E8%BF%91%E5%8D%AB%E5%89%8D%E5%AD%90
16,28,北条氏政,/wikiid/114931798486067643?source=search,https://baike.baidu.com/item/%E5%8C%97%E6%9D%A1%E6%B0%8F%E6%94%BF/182350
17,30,北条早云,/wikiid/865916648324137638?source=search,https://baike.baidu.com/item/%E5%8C%97%E6%9D%A1%E6%97%A9%E4%BA%91
18,305,塙直之,/wikiid/8410466486734631649?source=search,https://baike.baidu.com/item/%E5%A1%99%E7%9B%B4%E4%B9%8B
19,938,宗像氏男,/wikiid/3105822917004107457?source=search,https://baike.baidu.com/item/%E5%AE%97%E5%83%8F%E6%B0%8F%E7%94%B7
20,27,细川澄元,/wikiid/5447503567872329320?source=search,https://baike.baidu.com/item/%E7%BB%86%E5%B7%9D%E6%BE%84%E5%85%83
21,214,波多野晴通,/wikiid/7487158601142087811?source=search,https://baike.baidu.com/item/%E6%B3%A2%E5%A4%9A%E9%87%8E%E6%99%B4%E9%80%9A
22,1478,那波宗俊,,
23,1263,深水长智,,
24,1907,石部城之战,,
25,574,菅正利,/wikiid/990475415564169671?source=search,https://baike.baidu.com/item/%E8%8F%85%E6%AD%A3%E5%88%A9
26,902,大须贺忠政,,
27,1711,吉田郡山城之战,/wikiid/1497609800984649349?source=search,https://baike.baidu.com/item/%E5%90%89%E7%94%B0%E9%83%A1%E5%B1%B1%E5%9F%8E%E4%B9%8B%E6%88%98
28,416,儿玉就方,/wikiid/1975898609224198978?source=search,https://baike.baidu.com/item/%E5%84%BF%E7%8E%89%E5%B0%B1%E6%96%B9
29,950,富田隆实,,
30,764,佐久间盛政,/wikiid/1013839000660319375?source=search,https://baike.baidu.com/item/%E4%BD%90%E4%B9%85%E9%97%B4%E7%9B%9B%E6%94%BF
31,1382,籾井教业,,https://baike.baidu.com/item/%E7%B1%BE%E4%BA%95%E6%95%99%E4%B8%9A
32,955,小场义成,,
33,1702,二俣城之战,/wikiid/5345894081069336089?source=search,https://baike.baidu.com/item/%E4%BA%8C%E4%BF%A3%E5%9F%8E%E4%B9%8B%E6%88%98
34,1087,扬北众,,
35,710,下秀久,,
36,493,织田秀孝,/wikiid/104973614891679010?source=search,https://baike.baidu.com/item/%E7%BB%87%E7%94%B0%E7%A7%80%E5%AD%9D
37,632,上杉景虎,/wikiid/7800712679595119619?source=search,https://baike.baidu.com/item/%E4%B8%8A%E6%9D%89%E6%99%AF%E8%99%8E/22153
38,2061,五大老,/wikiid/2956629997376143907?source=search,https://baike.baidu.com/item/%E4%BA%94%E5%A4%A7%E8%80%81
39,1309,由良国繁,,
40,66,大友宗麟,/wikiid/4901653874787111256?source=search,https://baike.baidu.com/item/%E5%A4%A7%E5%8F%8B%E5%AE%97%E9%BA%9F/10654183
41,1327,真田信繁,/wikiid/7252262511733456896?source=search,https://baike.baidu.com/item/%E7%9C%9F%E7%94%B0%E5%B9%B8%E6%9D%91/19960?fromtitle=%E7%9C%9F%E7%94%B0%E4%BF%A1%E7%B9%81&fromid=1660567
42,1629,倭寇,/wikiid/7250037027654778891?source=search,https://baike.baidu.com/item/%E5%80%AD%E5%AF%87/290899
43,1253,河合吉统,/wikiid/1104585620979703842?source=search,https://baike.baidu.com/item/%E6%B2%B3%E5%90%88%E5%90%89%E7%BB%9F/4503134
44,393,蒲生赖乡,,
45,1590,森宗意轩,,
46,883,大友义乘,/wikiid/7083450452734055711?source=search,https://baike.baidu.com/item/%E5%A4%A7%E5%8F%8B%E4%B9%89%E4%B9%98
47,1624,一向一揆,/wikiid/3741388538374012144?source=search,https://baike.baidu.com/item/%E4%B8%80%E5%90%91%E4%B8%80%E6%8F%86
48,112,一条房家,/wikiid/869303524783530167?source=search,https://baike.baidu.com/item/%E4%B8%80%E6%9D%A1%E6%88%BF%E5%AE%B6
49,605,户田为春,,
50,1822,小田原评定,/wikiid/8002058995173465948?source=search,https://baike.baidu.com/item/%E5%B0%8F%E7%94%B0%E5%8E%9F%E8%AF%84%E5%AE%9A
51,2097,长筿之战,/wikiid/1474081963273080251?source=search,
52,2100,骏河侵攻,,
53,2102,龟姬 (德川家康长女),,
54,1602,原田孙七郎,,https://baike.baidu.com/item/%E5%8E%9F%E7%94%B0%E5%AD%99%E4%B8%83%E9%83%8E
55,127,上杉朝定 (扇谷上杉家),,
56,1113,朝仓景隆,/wikiid/8174122910054689852?source=search,https://baike.baidu.com/item/%E6%9C%9D%E4%BB%93%E6%99%AF%E9%9A%86
57,273,阿苏惟光,,
58,1825,尼子十砦,/wikiid/7332891888073746636?source=search,https://baike.baidu.com/item/%E5%B0%BC%E5%AD%90%E5%8D%81%E7%A0%A6
59,1169,松平忠定,,
60,12,朝仓贞景,/wikiid/1887030559743706496?source=search,https://baike.baidu.com/item/%E6%9C%9D%E4%BB%93%E8%B4%9E%E6%99%AF
61,1325,真壁氏干,,https://baike.baidu.com/item/%E7%9C%9F%E5%A3%81%E6%9A%97%E5%A4%9C%E8%BD%A9/3696590?fromtitle=%E7%9C%9F%E5%A3%81%E6%B0%8F%E5%B9%B2&fromid=7374461
62,256,足利政氏,,
63,691,三河三奉行,/wikiid/6309313116387864197?source=search,https://baike.baidu.com/item/%E4%B8%89%E6%B2%B3%E4%B8%89%E5%A5%89%E8%A1%8C
64,1967,小谷城,/wikiid/9030526754050653278?source=search,https://baike.baidu.com/item/%E5%B0%8F%E8%B0%B7%E5%9F%8E
65,314,远藤盛数,,
66,2077,朝觉院,/wikiid/7558619193786540687?source=search,https://baike.baidu.com/item/%E6%9C%9D%E8%A7%89%E9%99%A2
67,1741,犬山城之战,/wikiid/3661160041288574731?source=search,https://baike.baidu.com/item/%E7%8A%AC%E5%B1%B1%E5%9F%8E%E4%B9%8B%E6%88%98
68,1361,种子岛时尧,/wikiid/3023494145077738865?source=search,https://baike.baidu.com/item/%E7%A7%8D%E5%AD%90%E5%B2%9B%E6%97%B6%E5%B0%A7/1200389
69,648,柳生宗严,/wikiid/2387747622600651821?source=search,https://baike.baidu.com/item/%E6%9F%B3%E7%94%9F%E5%AE%97%E4%B8%A5/8527935
70,1061,平野长泰,,https://baike.baidu.com/item/%E5%B9%B3%E9%87%8E%E9%95%BF%E6%B3%B0/9082016
71,1615,荒木宗太郎,/wikiid/1239394163455704707?source=search,https://baike.baidu.com/item/%E8%8D%92%E6%9C%A8%E5%AE%97%E5%A4%AA%E9%83%8E
72,2028,御内书,,
73,1005,山口教继,/wikiid/686795806144450859?source=search,https://baike.baidu.com/item/%E5%B1%B1%E5%8F%A3%E6%95%99%E7%BB%A7
74,304,阿闭贞征,/wikiid/7065970038884324644?source=search,https://baike.baidu.com/item/%E9%98%BF%E9%97%AD%E8%B4%9E%E5%BE%81
75,1276,温井景隆,/wikiid/7717850846662569954?source=search,https://baike.baidu.com/item/%E6%B8%A9%E4%BA%95%E6%99%AF%E9%9A%86
76,1330,真田昌辉,/wikiid/2154274263834964749?source=search,https://baike.baidu.com/item/%E7%9C%9F%E7%94%B0%E6%98%8C%E8%BE%89
77,603,富田势源,/wikiid/8455279919667230401?source=search,https://baike.baidu.com/item/%E5%AF%8C%E7%94%B0%E6%99%AF%E6%94%BF/7376909?fromtitle=%E5%AF%8C%E7%94%B0%E5%8A%BF%E6%BA%90&fromid=4787456
78,1985,丰臣秀吉高山国招谕文书,,
79,1120,木下吉隆,,
80,2083,泰荣院,/wikiid/2262754311752827012?source=search,https://baike.baidu.com/item/%E6%B3%B0%E8%8D%A3%E9%99%A2
81,807,前波吉继,/wikiid/3248294661735381734?source=search,https://baike.baidu.com/item/%E5%89%8D%E6%B3%A2%E5%90%89%E7%BB%A7
82,848,名古屋山三郎,/wikiid/128719674663223155?source=search,https://baike.baidu.com/item/%E5%90%8D%E5%8F%A4%E5%B1%8B%E5%B1%B1%E4%B8%89%E9%83%8E
83,1565,黑田孝高,/wikiid/1553021767851175074?source=search,https://baike.baidu.com/item/%E9%BB%91%E7%94%B0%E5%A6%82%E6%B0%B4/78946?fromtitle=%E9%BB%91%E7%94%B0%E5%AD%9D%E9%AB%98&fromid=1430593
84,82,斯波诠真,,
85,720,中村春续,,
86,61,二本松义国,,
87,976,小笠原信定,,
88,1277,沟口善胜,,https://baike.baidu.com/item/%E6%B2%9F%E5%8F%A3%E5%96%84%E8%83%9C
89,651,山本勘藏,/wikiid/4398639735227754358?source=search,https://baike.baidu.com/item/%E5%B1%B1%E6%9C%AC%E5%8B%98%E8%97%8F
90,711,下间仲孝,/wikiid/190509061159643770?source=search,https://baike.baidu.com/item/%E4%B8%8B%E9%97%B4%E4%BB%B2%E5%AD%9D
91,285,明智光秀,/wikiid/7301932054739337270?source=search,https://baike.baidu.com/item/%E6%98%8E%E6%99%BA%E5%85%89%E7%A7%80/65000
92,99,津轻为信,/wikiid/4202516505014539064?source=search,https://baike.baidu.com/item/%E6%B4%A5%E8%BD%BB%E4%B8%BA%E4%BF%A1/4403471
93,25,福岛正则,/wikiid/9111211633138993920?source=search,https://baike.baidu.com/item/%E7%A6%8F%E5%B2%9B%E6%AD%A3%E5%88%99/1613755
94,1143,村上赖胜,,
95,423,九鬼嘉隆,/wikiid/6866593244143342942?source=search,https://baike.baidu.com/item/%E4%B9%9D%E9%AC%BC%E5%98%89%E9%9A%86
96,1499,长尾宪景,,
97,229,真里谷信政,,
98,426,九户实亲,,
99,1211,樋口直房,,
100,790,内藤家长,/wikiid/4351769845829066803?source=search,https://baike.baidu.com/item/%E5%86%85%E8%97%A4%E5%AE%B6%E9%95%BF
101,1148,松井友闲,/wikiid/2880705026074115501?source=search,
102,1793,远江国,/wikiid/4765240972874040625?source=search,
103,1156,松平好景,,
104,1794,一向一揆,/wikiid/3741388538374012144?source=search,https://baike.baidu.com/item/%E4%B8%80%E5%90%91%E4%B8%80%E6%8F%86
105,203,武田信绳,/wikiid/9054916593198809340?source=search,https://baike.baidu.com/item/%E6%AD%A6%E7%94%B0%E4%BF%A1%E7%BB%B3
106,311,大宝寺晴时,,
107,396,兼平纲则,/wikiid/3187372169210396553?source=search,https://baike.baidu.com/item/%E5%85%BC%E5%B9%B3%E7%BA%B2%E5%88%99
108,1269,浅利信种,,
109,1714,大物崩,/wikiid/7696530710719044878?source=search,
110,1331,真田赖昌,,
111,572,宍户隆家,/wikiid/3771474823716573710?source=search,
112,1250,池田长正,,
113,1971,横山城之战,,
114,473,中山朝正,,
115,382,伊东长久,/wikiid/547172280886066712?source=search,
116,1278,沟口秀胜,/wikiid/4623412422338491506?source=search,
117,1843,相良氏法度,,
118,1649,月行事,,
119,1100,明石则实,,
120,639,臼杵长景,,
121,2,赤松义祐,,
122,1953,备中高松城之战,,
123,173,小田政治,/wikiid/4776504089362472638?source=search,
124,618,远山康光,,
125,1163,松平家清,,
126,93,武田信昌,/wikiid/8157865789831355239?source=search,
127,1339,石川赖明,,
128,1934,高台寺 (京都市),,
129,89,十河存保,/wikiid/7081637214602253599?source=search,
130,1267,浅井政澄,/wikiid/9212624035438306671?source=search,
131,174,小田氏治,/wikiid/1620480954563192963?source=search,
132,183,岩城宣隆,,
133,886,大河内秀纲,,
134,18,芦名盛隆,/wikiid/230813870387368842?source=search,
135,298,有马丰氏,/wikiid/1043716466004207983?source=search,
136,176,小笠原长栋,/wikiid/4043296108385739751?source=search,
137,178,山内上杉家,/wikiid/6867809259693858162?source=search,
138,1486,野村直隆,,
139,410,北信爱,/wikiid/6022899646382613106?source=search,
140,22,千叶昌胤,,
141,806,别所重宗,/wikiid/155317936890509692?source=search,
142,881,大内义纲,,
143,917,奥平忠政,/wikiid/8839733826468785314?source=search,
144,601,户田胜隆,,
145,1718,小田井原之战,/wikiid/184061678521915533?source=search,
146,1708,关东享禄内乱,,
147,859,土岐为赖,,
148,1103,明石正风,,
149,650,山川贤信,,
150,1572,斋藤利良,,
151,1332,真里谷全方,/wikiid/8321391474937448157?source=search,
152,1970,御伽众,/wikiid/3278492860960227575?source=search,
153,2046,二条城,/wikiid/559311247169115294?source=search,
154,390,杉原盛重,/wikiid/4122005007271062706?source=search,
155,615,十时连久,/wikiid/7654137573615585089?source=search,
156,297,松本景繁,,
157,1518,青山吉次,,
158,51,水野信元,/wikiid/7086806095889552654?source=search,
159,2096,长胜院,/wikiid/2437610677998540920?source=search,
160,1689,教兴寺之战,,
161,1500,长尾房长,,
162,610,德川秀忠,/wikiid/2024306900245464400?source=search,
163,64,小笠原长时,/wikiid/523951189278610758?source=search,
164,2106,八尾若江之战,/wikiid/6346998643295813528?source=search,
165,634,氏家守栋,/wikiid/8035942078901101582?source=search,
166,517,大熊朝秀,/wikiid/4842202535867175011?source=search,
167,753,伊达实元,/wikiid/1734702326629213298?source=search,
168,1288,泷川资清,/wikiid/6647537118830286114?source=search,
169,1290,濑名信辉,,
170,867,堀直政,/wikiid/1413562891864695220?source=search,
171,931,安东连直,/wikiid/796458897161898671?source=search,
172,934,安艺国虎,,
173,1124,木曾义利,,
174,606,富?晴贞,,
175,1876,总见院,,
176,810,前田利春,/wikiid/4237817810955634101?source=search,
177,942,宫部继润,/wikiid/4637470310394824548?source=search,
178,935,安藤守就,/wikiid/5292414471130704820?source=search,
179,1055,平冢为广,/wikiid/5040824409885515276?source=search,
180,741,亘理重宗,,
181,232,筑后十五城,,
182,918,奥田直纯,,
183,1054,平佐就之,,
184,1117,朝仓景纲,,
185,1171,松平清善,,
186,1369,竹中重矩,/wikiid/8847076953869646744?source=search,
187,729,五十公野信宗,,
188,709,下方贞清,/wikiid/9081751837949581404?source=search,
189,835,可儿才藏,/wikiid/8795549603873273646?source=search,
190,1127,木村重兹,,
191,1222,武田信丰 (甲斐武田氏),,
192,730,井上之房,/wikiid/3489616338735426448?source=search,
193,1844,细川政权 (战国时代),,
194,1019,山本寺景长,,
195,1223,武田四天王,/wikiid/6194742880052002808?source=search,
196,743,京极高延,,
197,106,宇都宫丰纲,,
198,1455,丰臣秀保,/wikiid/7074821503351805214?source=search,
199,1470,远山直廉,,
200,1218,正木时茂 (正木时纲子),,
201,1462,赤川元保,,
202,1014,山冈景友,,
203,1491,铃木佐大夫,,
204,1932,石垣山城,/wikiid/2556457645937972323?source=search,
205,804,别所吉亲,/wikiid/2915014723009850137?source=search,
206,1575,斋藤镇实,,
207,1471,速水守久,/wikiid/6105959645195860476?source=search,
208,1597,弥助,/wikiid/7413543223599208560?source=search,
209,1571,斋藤利治,,
210,2104,今福之战,,
211,1308,田村友显,,
212,289,甘粕景继,/wikiid/7083450463999415588?source=search,
213,344,平手泛秀,/wikiid/3984288771718759755?source=search,
214,1607,林利玄,,
215,1108,服部康成,/wikiid/173642466171776860?source=search,
216,771,佐田彦四郎,/wikiid/1929081151935273113?source=search,
217,1072,德山则秀,,
218,1106,曾根虎盛,,
219,2070,德川十六神将,/wikiid/8837860625216194399?source=search,
220,128,上杉显实,,
221,1877,德姬,/wikiid/8025295111676816524?source=search,
222,1557,鸟居忠广,/wikiid/475308136854768404?source=search,
223,1224,武藤信尧,,
224,440,松浦久信,,
225,1017,山崎长德,/wikiid/5758425222305525624?source=search,
226,1790,尾张国,/wikiid/6117780965685884076?source=search,
227,1066,后藤信康,/wikiid/633906278506958198?source=search,
228,1990,鸟取城之战,,
229,105,浦上政宗,,
230,2084,清云院,/wikiid/7945645052447423544?source=search,
231,161,大崎义兼,,
232,1077,成田泰季,/wikiid/5068513011405100561?source=search,
233,1912,织田信高,/wikiid/5572355688130171801?source=search,
234,1000,山中满幸,,
235,1235,毛利良胜,,
236,1485,野中重政,,
237,1705,今山之战,/wikiid/7576133051447443811?source=search,
238,842,吉江宗信,,
239,1753,箕浦之战,,
240,787,内田镇家,/wikiid/1835930728681193278?source=search,
241,457,村井贞胜,/wikiid/1829397780584590909?source=search,
242,220,田村隆显,/wikiid/2059434462492058370?source=search,
243,1539,高坂昌澄,,
244,1399,织田信包,/wikiid/4868938630862233548?source=search,
245,1585,伊东满所,/wikiid/7935832928143920074?source=search,
246,1328,真田守信,/wikiid/5022142655827082391?source=search,
247,1283,涩江政光,,
248,1307,田尻鉴种,,
249,1676,守山崩,/wikiid/1326367258445695505?source=search,
250,2067,姊川之战,/wikiid/3016191041119671982?source=search,
251,986,小笠原长隆 (信浓小笠原氏),,
252,24,伊达政宗,/wikiid/7268595451750137891?source=search,
253,57,村上义清,/wikiid/7777915520321146274?source=search,
254,475,直江兼续,/wikiid/8101844858498255867?source=search,
255,191,斯波经诠,,
256,569,志村光安,/wikiid/5375783276184762540?source=search,
257,146,北畠具房,/wikiid/1328645100685541662?source=search,
258,1266,浅井政元,,
259,425,九户政实,,
260,432,前田利政,/wikiid/6326615183461872110?source=search,
261,347,本多忠胜,/wikiid/7269671625028010039?source=search,
262,641,和贺忠亲,/wikiid/6831140578346815208?source=search,
263,302,赤座直保,/wikiid/5125448191639708493?source=search,
264,38,葛西晴清,,
265,1158,松平家乘,,
266,1126,木村清久,,
267,1024,冈本大八,,
268,812,前田安胜,/wikiid/2494805949407879091?source=search,
269,388,柿崎晴家,/wikiid/7074821521595995422?source=search,
270,951,寺岛职定,,
271,1046,岛田利正,,
272,1286,泷川益氏,,
273,1053,市桥长利,,
274,864,坂井直政,,
275,854,喜连川赖氏,,
276,1691,宫川之战,/wikiid/8395990660194294706?source=search,
277,523,李家元宥,,
278,442,三田纲秀,,
279,454,森冈信元,,
280,954,小出秀政,/wikiid/2105044831764843829?source=search,
281,1300,玄广惠探,/wikiid/313500405469471782?source=search,
282,595,武田义信,/wikiid/8645669562296137238?source=search,
283,621,土桥守重,,
284,702,上杉朝宁,,
285,1039,岛津以久,,
286,718,中川重政,,
287,1545,高梨政赖,,
288,1119,朝仓景行,,
289,495,织田长益,/wikiid/7254811905230946336?source=search,
290,31,北条氏纲,/wikiid/1467515981917127797?source=search,
291,512,小野成幸,/wikiid/7810543480795065289?source=search,
292,584,立花直次,,
293,668,结城秀康,/wikiid/6806701471433330311?source=search,
294,579,立花道雪,/wikiid/7318135402355196204?source=search,
295,749,伊丹康直,,
296,234,筒井定次,/wikiid/7074790274870924580?source=search,
297,600,田原亲宏,,
298,860,土岐赖次,/wikiid/6539902137902403656?source=search,
299,1433,葛山信贞,/wikiid/7430029464953726031?source=search,
300,1532,马场昌房,/wikiid/497089524929560505?source=search,
301,1697,三船山之战,,
302,956,小宫山友晴,/wikiid/4247210601025494484?source=search,
303,734,井伊直满,,
304,755,伊达政道,/wikiid/2003462683425998379?source=search,
305,1678,应永之乱,,
306,888,大泽基宿,/wikiid/7070885538312066269?source=search,
307,1423,臼杵鉴续,,
308,168,宗义调,,
309,299,朝比奈信置,,
310,1079,成田长亲,/wikiid/2640847039034611927?source=search,
311,235,筒井顺昭,/wikiid/2456217660176454448?source=search,
312,1383,粟屋元秀,,
313,1403,织田信实,,
314,1310,由良成繁,,
315,608,土岐赖元,,
316,2051,德川四天王,/wikiid/8854631273066446370?source=search,
317,1285,泷川忠征,,
318,222,畠山春王丸,/wikiid/7659313801546433290?source=search,
319,73,六角义贤,,
320,1437,藤堂虎高,/wikiid/8540158949758554165?source=search,
321,1622,小弓公方,,
322,933,安田国继,/wikiid/3666725379508316082?source=search,
323,1573,斋藤利茂,,
324,607,户川达安,/wikiid/1783595939034557139?source=search,
325,1671,饭筿家直,,
326,130,二本松义继,/wikiid/4141157121403336012?source=search,
327,1561,黑田二十四骑,/wikiid/7234946065065989658?source=search,
328,2034,足利将军家,,
329,1304,田北镇周,/wikiid/3148940221133283272?source=search,
330,1815,天正札,/wikiid/5906277650764521262?source=search,
331,1272,清野信秀,,
332,114,一色义幸,/wikiid/4976584658615621755?source=search,
333,441,三云成持,,
334,2107,博劳渊之战,/wikiid/648989912062361488?source=search,
335,726,久武亲信,/wikiid/4742695198729587076?source=search,
336,936,安养寺氏种,,
337,992,小鸭元清,/wikiid/2099539037681863845?source=search,
338,871,堀秀重,/wikiid/610157594367703140?source=search,
339,1068,后藤贤丰,,
340,1392,细川直元,/wikiid/5753972133518193322?source=search,
341,225,畠山义隆,/wikiid/3420220617599506238?source=search,
342,1265,浅井政之,,
343,328,蜂须贺至镇,/wikiid/7076442527256040718?source=search,
344,1936,草津温泉,/wikiid/6091737322888894074?source=search,
345,1434,葛山氏元,,
346,172,小早川繁平,,
347,1257,津川近治,,
348,1333,矢泽赖康,,
349,192,斯波诠高,,
350,2086,直江状,/wikiid/8221512391897158432?source=search,
351,1818,安宅船,/wikiid/6712427703785264109?source=search,
352,1819,官职难仪,,
353,852,唐泽玄蕃,/wikiid/2746604003905156649?source=search,
354,193,最上义淳,,
355,1820,宿老,/wikiid/5127930025299814991?source=search,
356,964,小幡景宪,/wikiid/1158737644355731925?source=search,
357,1823,尘芥集,,
358,1404,织田信康,/wikiid/4891429794745984405?source=search,
359,760,佐世清宗,,
360,343,平田增宗,,
361,768,佐佐政次,/wikiid/4224163058908636791?source=search,
362,765,佐久间盛次,/wikiid/7488489044808233745?source=search,
363,1164,松平康元,/wikiid/7183764966479568979?source=search,
364,1972,海贼停止令,,
365,474,直江景纲,/wikiid/7940406435944496138?source=search,
366,1527,饭川光诚,/wikiid/7759648455327043533?source=search,
367,348,本庄实乃,/wikiid/1508549908374846424?source=search,
368,1358,秋上宗信,,
369,175,小笠原贞朝,,
370,1451,诹访赖丰,,
371,1838,根来众,/wikiid/5466117700648393109?source=search,
372,1414,织田信贤,/wikiid/4760226983652566956?source=search,
373,2078,木津川口之战 (1614年),,
374,1324,真壁久干,/wikiid/7205511885774195967?source=search,
375,259,足利高基,,
376,1734,村木砦之战,,
377,680,一万田鉴实,/wikiid/2857310147346558773?source=search,
378,682,三刀屋久扶,,
379,1706,佐和山城之战,,
380,1703,交野城之战,,
381,853,喜入季久,,
382,1291,熊谷直盛,,
383,1212,横山长隆,,
384,1845,落武者,/wikiid/4698526862482263399?source=search,
385,1209,榊原清政,/wikiid/6778340059565913728?source=search,
386,56,宗像氏贞,/wikiid/2694960371326550146?source=search,
387,773,佐竹义宪,,
388,5,尼子胜久,/wikiid/6893918401395231063?source=search,
389,418,驹井高白斋,/wikiid/9011817126543358220?source=search,
390,102,上杉景胜,/wikiid/8987900704078806928?source=search,
391,2081,松平忠辉,/wikiid/4142519753411012377?source=search,
392,41,小西行长,/wikiid/5568417615195160706?source=search,
393,431,前田利长,/wikiid/6811732045415755686?source=search,
394,303,安宅冬康,/wikiid/8037708354256874291?source=search,
395,275,阿苏惟将,/wikiid/423744574488219356?source=search,
396,940,室贺信俊,,
397,42,前田利家,/wikiid/7893253528455236021?source=search,
398,53,毛利隆元,/wikiid/5414251021740298207?source=search,
399,1498,长尾忠景,,
400,284,赤泽长经,,
401,408,木村重成,/wikiid/2521100168754684693?source=search,
402,1190,柴田康忠,,
403,1436,蒲生定秀,/wikiid/193599929650433964?source=search,
404,990,小野政直,,
405,1421,织田信家,,
406,1496,长坂信政,/wikiid/4216597666929816256?source=search,
407,1289,泷本寺非有,/wikiid/1940386251405754446?source=search,
408,655,安田显元,,
409,2029,御教书,,
410,274,阿苏惟前,,
411,1334,石川家成,,
412,1464,赤松则英,,
413,494,织田胜长,/wikiid/6085282534073374539?source=search,
414,1030,冈部亲纲,/wikiid/8761032734891729152?source=search,
415,1487,野村祐胜,,
416,1488,野野村正成,/wikiid/3531669606265807249?source=search,
417,808,前波景当,,
418,1389,细川幸隆,,
419,1208,榊原忠长,/wikiid/7954800389115841429?source=search,
420,979,小笠原信兴,,
421,1969,岩屋城之战 (淡路国),,
422,1194,桂元忠,,
423,1710,北伊势之战,,
424,397,金子元宅,/wikiid/4767084007853768993?source=search,
425,79,里见义弘,/wikiid/4512140231188507347?source=search,
426,2087,相应院,,
427,1883,久昌寺 (江南市),,
428,1588,金忠善,/wikiid/2545880381213406530?source=search,
429,1233,毛利秀赖,,
430,1413,织田信衡,/wikiid/7031050003042519523?source=search,
431,319,江良房荣,,
432,1717,姊川之战,,
433,1329,真田昌亲,,
434,1983,丰国神社,/wikiid/4733866613373168914?source=search,
435,435,牧野康成 (战国武将),/wikiid/4869098567302961369?source=search,
436,1322,相良忠房,/wikiid/6993199011013907008?source=search,
437,257,足利晴氏,/wikiid/4880063565348989338?source=search,
438,2072,德川家灵庙,/wikiid/2955105877904819736?source=search,
439,690,三弹正,/wikiid/3347176913326819860?source=search,
440,897,大野治房,/wikiid/2083301487825037800?source=search,
441,91,武田元光,/wikiid/408796479273627017?source=search,
442,2069,市姬,/wikiid/965332948845361328?source=search,
443,987,小西隆佐,/wikiid/2036836675505720708?source=search,
444,674,一宫宗是,,
445,6,尼子义久,/wikiid/6818173712211788262?source=search,
446,446,三好政康,/wikiid/6420813170723068129?source=search,
447,636,氏家行广,/wikiid/5987893359044800062?source=search,
448,448,水野忠政,/wikiid/8411568084875638635?source=search,
449,1107,曾根虎长,,
450,1237,毛马内政次,,
451,1012,山冈景以,,
452,1863,本能寺,/wikiid/3861590230542477190?source=search,
453,535,酒井正亲,/wikiid/5090244398187126548?source=search,
454,1362,稻富祐直,,
455,1350,神户具盛 (第4代当主),/wikiid/1343861734782804534?source=search,
456,1240,氏家行继,,
457,1348,神子田正治,/wikiid/6790857451731788673?source=search,
458,501,小原继忠,,
459,1134,本多忠真,,
460,1016,山崎吉家,,
461,1245,池田光重,,
462,609,德川四天王,/wikiid/8854631273066446370?source=search,
463,591,高玉常赖,,
464,1567,黑田秀忠,,
465,923,宇喜多秀高,,
466,525,龙造寺家和,,
467,290,甘粕长重,,
468,737,井伊谷三人众,/wikiid/7775526565620746958?source=search,
469,861,土桥重治,,
470,1842,甲州法度次第,,
471,2095,金崎殿后,/wikiid/4689126460412555061?source=search,
472,2071,德川家康影武者说,,
473,19,芦名义广,/wikiid/2065842086136933354?source=search,
474,1587,狩野永德,/wikiid/5543171147231837672?source=search,
475,1600,五奉行,/wikiid/3464361713862269258?source=search,
476,1508,长门广益,,
478,48,松浦隆信,/wikiid/1506923973680007546?source=search,
480,1583,羽柴秀胜 (石松丸),,
481,862,坂井孙八郎,/wikiid/3198584064923184900?source=search,
482,1366,立花鉴载,,
483,1142,村上吉充,/wikiid/1370686461754821735?source=search,
484,927,安东常久,/wikiid/1146192617011586710?source=search,
485,978,小笠原信净,,
486,1182,松田政近,,
487,850,和田惟长,,
488,783,儿玉就英,/wikiid/7105848307349476730?source=search,
489,638,宇佐美定满,/wikiid/7912163740848442467?source=search,
490,688,三宅康信,,
491,1846,藏入地,,
492,988,小豆坂七本枪,/wikiid/907066048075524425?source=search,
493,725,久松俊胜,/wikiid/8259323059538653563?source=search,
494,724,乃美宗胜,/wikiid/5922956389103498118?source=search,
495,1151,松平伊忠,,
496,1654,落武者,/wikiid/4698526862482263399?source=search,
497,822,北条氏胜,,
498,379,矶野员昌,/wikiid/3735623721235990383?source=search,
499,331,原长赖,,
500,216,波多野稙通,/wikiid/975075161758170623?source=search,
501,291,甘利虎泰,/wikiid/3867276175430867486?source=search,
502,491,织田信兴,/wikiid/2325623561401844346?source=search,
503,708,上田七本枪,/wikiid/7329500490584770728?source=search,
504,1980,藏入地,,
505,286,秋山信友,/wikiid/6212324921875816980?source=search,
506,937,宗像正氏,,
507,132,今川氏亲,/wikiid/5376253313369347879?source=search,
508,187,岛津忠治,,
509,866,堀田兴重,,
510,1707,八流之战,/wikiid/7070594108785991860?source=search,
511,296,青山幸成,/wikiid/971859486428332672?source=search,
512,1886,信长公记,/wikiid/5738655101693616947?source=search,
513,29,北条氏直,/wikiid/2109265823130794322?source=search,
514,1084,户田忠次,,
515,803,别所友之,,
516,1347,神保长城,/wikiid/5444610963114900761?source=search,
517,9,安国寺惠琼,/wikiid/4647363178358470789?source=search,
518,227,相马盛胤 (大膳大夫),/wikiid/4627538466253357866?source=search,
519,1467,足立六兵卫,/wikiid/6218105601988320608?source=search,
520,1442,芦名氏方,/wikiid/8314245040743848774?source=search,
521,1537,高坂昌元,,
522,1695,三河一向一揆,,
523,645,氏家定直,/wikiid/5379836134798103852?source=search,
524,921,姊小路信纲,,
525,1890,天下布武,/wikiid/6530257340895652653?source=search,
526,498,织田信好,/wikiid/948994209224418777?source=search,
527,1535,马场赖周,/wikiid/4653316743194933728?source=search,
528,308,长宗我部元亲,/wikiid/7449501610704333381?source=search,
529,1217,樱田元亲,,
530,1637,安国寺利生塔,,
531,371,井上清政,/wikiid/4726200870760205304?source=search,
532,907,天野隆重,/wikiid/5779056798803687464?source=search,
533,752,伊东政世,,
534,271,长野藤定,,
535,349,本庄繁长,/wikiid/5707150886448782717?source=search,
536,657,安田能元,,
537,1118,朝仓景胤,,
538,1603,吕宋助左卫门,,
539,1954,刀狩令,,
540,1596,山上宗二,/wikiid/7692615081402259755?source=search,
541,1645,惣村,,
542,620,户泽政盛,/wikiid/5594951056629796835?source=search,
543,197,木曾义康,/wikiid/6397968075267365610?source=search,
544,118,三村家亲,,
545,1441,药师寺长忠,/wikiid/4801139192894657449?source=search,
546,939,宗贞国,,
547,1025,冈本宗庆,,
548,188,岛津忠隆,,
549,731,井上元兼,/wikiid/2790635618401529407?source=search,
550,241,肝付兼亮,/wikiid/5848025731852993782?source=search,
551,920,妻木广忠,,
552,242,肝付兼护,/wikiid/7696481130383689882?source=search,
553,433,前野忠康,,
554,1060,平贺成赖,,
555,1647,日朝贸易,/wikiid/6913481375450511914?source=search,
556,1078,成田亲泰,,
557,1064,延泽满延,/wikiid/3682529966304458916?source=search,
558,1910,织田信正,/wikiid/7552890474519475826?source=search,
559,1531,香西元盛,/wikiid/5249188498698748097?source=search,
560,1627,下克上,/wikiid/8358968068787799622?source=search,
561,1520,青木一重,/wikiid/7069685006067914020?source=search,
562,1299,猿渡信光,/wikiid/2472789101206986091?source=search,
563,515,大久保忠教,/wikiid/7109748321108835760?source=search,
564,520,太田氏资,,
565,1509,关盛信,/wikiid/4855704380371586149?source=search,
566,1510,阿部忠吉,,
567,1050,工藤昌祐,/wikiid/4167241602903751180?source=search,
568,199,本山茂辰,/wikiid/5423904533548968026?source=search,
569,631,上田朝直,,
570,1722,布部山之战,,
571,1690,三增峠之战,/wikiid/1234454606626810617?source=search,
572,1258,津津木藏人,,
573,1726,志摩平定,,
574,1724,御馆之乱,/wikiid/5148728180955301982?source=search,
575,1727,志贺之阵,,
576,1367,竹中重元,/wikiid/3583506418138697270?source=search,
577,1739,浮野之战,/wikiid/7293026694623495725?source=search,
578,1368,竹中重利,/wikiid/328358493358117746?source=search,
579,1396,细野藤敦,,
580,1047,岛亲益,/wikiid/6564758818664947574?source=search,
581,919,奥近习六人众,,
582,509,奥平信昌,/wikiid/8228922563357633259?source=search,
583,1999,五大老,/wikiid/2956629997376143907?source=search,
584,1517,青山信昌,,
585,1528,饭田元亲,,
586,1454,证如,/wikiid/1536853895109345417?source=search,
587,1268,浅井政贞,,
588,1449,诹访赖忠,/wikiid/8079111209167673885?source=search,
589,1280,温井总贞,/wikiid/6205567333661849265?source=search,
590,219,田村清显,/wikiid/5807656042919157612?source=search,
591,1511,阿部正丰,/wikiid/7084208136190776583?source=search,
592,1052,市川经好,,
593,1807,分国法,/wikiid/1457881740447206559?source=search,
594,900,大关宗增,,
595,643,脇坂安治,,
596,428,桑名吉成,/wikiid/1537366519562598487?source=search,
597,104,宇喜多直家,/wikiid/5329494879196140893?source=search,
598,1065,弘中隆兼,,
599,1919,越前一向一揆,,
600,1795,一番枪,/wikiid/1499514197187031589?source=search,
601,1493,铃木重则,,
602,855,四王天政孝,,
603,1070,御宿友纲,,
604,997,尾藤知宣,/wikiid/9103192245363932515?source=search,
605,13,朝仓氏景,,
606,797,八柏道为,/wikiid/4026768322596727173?source=search,
607,1232,毛利弘元,/wikiid/1233635306152333415?source=search,
608,315,远藤胤基,,
609,325,蒲生氏乡,/wikiid/3943942538803969326?source=search,
610,908,太田康资,,
611,1083,户田康光,/wikiid/8868692719905390928?source=search,
612,1184,板部冈江雪斋,/wikiid/450483340597257403?source=search,
613,1157,松平定胜,/wikiid/5459785962010357942?source=search,
614,365,饭田直景,,
615,346,本多正信,/wikiid/3557835532414660060?source=search,
616,1279,沟江长逸,,
617,484,丹羽长秀,/wikiid/1804822989016715658?source=search,
618,700,上杉宪盛,,
619,663,吉弘统幸,/wikiid/203931225488349225?source=search,
620,310,长宗我部信亲,/wikiid/1874088772294828569?source=search,
621,582,立花宗茂,/wikiid/2473376291443700552?source=search,
622,647,柳生宗矩,/wikiid/4953692620578254188?source=search,
623,1022,山路正国,,
624,1282,涩川义满,,
625,1001,山内康丰,/wikiid/6553940586951634692?source=search,
626,1002,山内盛丰,/wikiid/152601759528415863?source=search,
627,767,佐佐成政,/wikiid/7142295539912724833?source=search,
628,640,和田昭为,,
629,984,小笠原长巨,,
630,476,成松信胜,/wikiid/1042328592077104887?source=search,
631,1004,山口弘定,,
632,2112,真田丸之战,,
633,999,山中俊好,,
634,644,渡边守纲,/wikiid/3414010954780627054?source=search,
635,1381,米良重方,,
636,2098,阿茶局,/wikiid/5364631268514590279?source=search,
637,2101,高天神城之战,/wikiid/4489952942293892955?source=search,
638,1538,高坂昌定,,
639,2113,道明寺之战,/wikiid/657137428160199563?source=search,
640,1682,长尾景春之乱,/wikiid/1406469321597335948?source=search,
641,1102,明石景亲,,
642,1909,织田信忠,/wikiid/5193682795305091225?source=search,
643,1763,野洲河原之战,,
644,914,太田资高,,
645,162,大崎义直,/wikiid/6751001631912635912?source=search,
646,704,上杉长员,,
647,833,千秋季忠,/wikiid/8437570291157448298?source=search,
648,678,一色藤长,,
649,1125,木村吉清,,
650,389,柿崎宪家,,
651,1146,松下之纲,/wikiid/2765457556120732418?source=search,
652,1579,龙造寺胤久,,
653,113,一条教房,/wikiid/3685944530513562597?source=search,
654,1370,竹中重门,/wikiid/7328319577952634677?source=search,
655,740,亘理元宗,/wikiid/4858863605566031947?source=search,
656,529,西园寺公高,,
657,721,中条家忠,/wikiid/8461648103788428649?source=search,
658,212,河野通直 (伊予守),/wikiid/652966449867347973?source=search,
659,1241,水原亲宪,/wikiid/3183627654124270058?source=search,
660,1892,姊川之战,,
661,1284,泷川一益,/wikiid/5065601350164234434?source=search,
662,1501,长尾政景,/wikiid/7466387080807702969?source=search,
663,1548,鬼庭纲元,/wikiid/7687252533046559600?source=search,
664,989,小返之五本鑓,,
665,1577,龙造寺四天王,/wikiid/7079400776993916890?source=search,
666,301,朝仓宗滴,/wikiid/8504968543743326215?source=search,
667,1443,蜂须贺正利,/wikiid/9115387671790196586?source=search,
668,759,伊集院忠栋,/wikiid/5634490610394483542?source=search,
669,761,佐久间信荣,,
670,2080,松平忠吉,/wikiid/1361375177560977516?source=search,
671,3,尼子经久,/wikiid/3108161382786693134?source=search,
672,738,井户宇右卫门,,
673,1831,旗印,/wikiid/7114233925260756531?source=search,
674,1657,铁砲传来,,
675,1043,岛津义弘 (播磨家),,
676,417,国分盛重,/wikiid/1557622292850321244?source=search,
677,415,小堀政一,,
678,518,太田成方,/wikiid/8468952751722980994?source=search,
679,762,佐久间信盛,/wikiid/4287371079056003614?source=search,
680,1364,穗井田元清,/wikiid/6484894917121900673?source=search,
681,814,前田秀继,,
682,1713,大河内城之战,,
683,1947,中国大返还,/wikiid/1416736569116383554?source=search,
684,10,荒木村重,/wikiid/8730167812077766258?source=search,
685,770,佐濑种常,,
686,1616,许仪后,/wikiid/2221397728677549231?source=search,
687,828,北条高广,,
688,198,本山茂宗,,
689,1448,诹访满邻,,
690,1880,三濑之变,,
691,1878,一乘谷之战,/wikiid/7155619111143050019?source=search,
692,1195,桂元澄,/wikiid/4042590792604709102?source=search,
693,1989,金崎之战,,
694,689,三宅康贞,/wikiid/8734138367812539071?source=search,
695,1186,林通具,/wikiid/7069685006067832100?source=search,
696,735,井伊直盛,,
697,1664,文正政变,/wikiid/2430853664908503186?source=search,
698,1020,山田宗昌,,
699,1129,本城常光,/wikiid/100789145314050143?source=search,
700,1786,古河公方,/wikiid/2600356021405578365?source=search,
701,945,富田一白,,
702,1562,黑田八虎,/wikiid/751208015891712721?source=search,
703,1264,浅井井规,,
704,1114,朝仓景健,/wikiid/1292999851396906845?source=search,
705,1397,织田五大将,,
706,829,北楯利长,/wikiid/3127672875659232151?source=search,
707,534,佐治信方,,
708,2023,堀越公方,/wikiid/3733708638043332009?source=search,
709,1672,分倍河原之战 (室町时代),/wikiid/2100037400731893006?source=search,
710,1301,甘利信康,,
711,317,远藤庆隆,,
712,982,小笠原秀政,/wikiid/4830235884783107651?source=search,
713,1541,高山右近,,
714,1659,加贺一向一揆,,
715,1728,户石崩,/wikiid/1776547088398241404?source=search,
716,1730,月山富田城之战,/wikiid/5713584048451161282?source=search,
717,1731,有田中井手之战,/wikiid/3925772775866266543?source=search,
718,1732,本圀寺之变,,
719,1315,留守显宗,/wikiid/4102516908960053856?source=search,
720,1737,永禄之变,/wikiid/7664836035933344277?source=search,
721,1791,小弓公方,,
722,1740,清洲之战,,
723,1738,河越城之战,/wikiid/1964616665171597612?source=search,
724,1747,神流川之战,/wikiid/3686290027288940536?source=search,
725,1748,稻生之战,/wikiid/5455891522205164768?source=search,
726,1749,稻叶山城之战,,
727,687,三好长逸,/wikiid/7679700891445557018?source=search,
728,477,成田长泰,/wikiid/2185701921479722306?source=search,
729,163,大村纯忠,/wikiid/2143382135509579754?source=search,
730,580,立花鉴贞,/wikiid/109557392658796121?source=search,
731,611,富田信高,,
732,1745,石山合战,/wikiid/1110681418954993890?source=search,
733,1743,白井河原之战,,
734,466,内藤信正,,
735,1752,第二次萨埵峠之战,,
736,1742,田手畷之战,/wikiid/5054641450846077693?source=search,
737,1760,赤冢之战,,
738,1884,佐和山城之战,,
739,1544,高梨内记,,
740,1591,永田德本,/wikiid/7007428433711452445?source=search,
741,1759,观音寺城之战,,
742,1762,辰市城之战,,
743,1018,山本寺定长,/wikiid/6196646827063978105?source=search,
744,1771,长岛一向一揆,,
745,1765,野田城之战,/wikiid/8270587670200394718?source=search,
746,681,七条兼仲,/wikiid/9111325299675576508?source=search,
747,1960,天正之阵,,
748,1104,春日元忠,,
749,1770,长尾景春之乱,/wikiid/1406469321597335948?source=search,
750,1764,野田城、福岛城之战,,
751,1551,鲇川盛长,,
752,746,今川氏丰,/wikiid/6956022913582711480?source=search,
753,1432,菅沼正贞,,
754,2082,?井之战,,
755,223,畠山义庆,/wikiid/2455829387191480529?source=search,
756,1769,镜山城之战,,
757,1773,长筿城救援战,,
758,438,松仓重信,/wikiid/2849682061649279824?source=search,
759,1772,长滨之战,/wikiid/1650508173313030905?source=search,
760,1574,斋藤妙椿,/wikiid/782665969188190911?source=search,
761,1729,折敷畑之战,,
762,1887,信长包围网,/wikiid/8905439814401887704?source=search,
763,1777,高天神城之战,,
764,1881,三英杰,,
765,1576,龙造寺周家,,
766,1570,黑田双璧,,
767,1620,室町时代,/wikiid/369252548762782815?source=search,
768,34,今川氏辉,/wikiid/8777586178410309100?source=search,
769,80,里见义尧,/wikiid/691336497544280265?source=search,
770,320,府中三人众,,
771,1913,织田政权,,
772,69,大内义隆,/wikiid/5253060771546791059?source=search,
773,35,今川氏真,/wikiid/7104967367144951857?source=search,
774,140,佐竹义重,/wikiid/3755765024052813334?source=search,
775,4,尼子晴久,/wikiid/6285367908876284901?source=search,
776,1882,中国征伐,,
777,50,三好长庆,/wikiid/3804215358842021245?source=search,
778,107,斋藤道三,/wikiid/289709085910303948?source=search,
779,7,姊小路赖纲,/wikiid/7878603952875536645?source=search,
780,55,毛利辉元,/wikiid/8825572926683358259?source=search,
781,430,前田玄以,/wikiid/6605195708269216715?source=search,
782,122,上杉宪政,/wikiid/8626937692046479903?source=search,
783,68,大内义兴,/wikiid/1742617378189538975?source=search,
784,75,龙造寺隆信,/wikiid/811027112896055434?source=search,
785,116,三好长治,,
786,15,浅野长政,/wikiid/887260430087424359?source=search,
787,21,浅井亮政,/wikiid/1110171517916167878?source=search,
788,94,武田信虎,/wikiid/1423828634839727748?source=search,
789,23,长宗我部元亲,/wikiid/7449501610704333381?source=search,
790,43,松平清康,/wikiid/4655211823652059142?source=search,
791,62,织田信秀,/wikiid/6322141524612826287?source=search,
792,59,南部晴政,/wikiid/9154788447435350152?source=search,
793,108,伊达晴宗,/wikiid/33564384151246452?source=search,
794,145,别所长治,/wikiid/4928892575568386795?source=search,
795,32,北条氏康,/wikiid/4860483534678284885?source=search,
796,419,荐野增时,/wikiid/1993782282014158917?source=search,
797,287,尼子国久,,
798,404,河尻秀隆,/wikiid/2185155318924657348?source=search,
799,77,斋藤义龙,/wikiid/2397915865440362232?source=search,
800,14,朝仓义景,/wikiid/7327695337643553758?source=search,
801,47,松永久秀,/wikiid/8910265381623109240?source=search,
802,60,南部信直,/wikiid/2979559602119604093?source=search,
803,322,风魔小太郎,/wikiid/5423481863803466158?source=search,
804,915,太田道灌,/wikiid/3145471666379854452?source=search,
805,300,朝比奈泰朝,/wikiid/7084208138995684645?source=search,
806,974,小田部统房,/wikiid/5866000052112625114?source=search,
807,1011,山家公赖,,
808,706,上条政繁,/wikiid/383901538974446907?source=search,
809,400,加藤清正,/wikiid/4369314185574475540?source=search,
810,421,高力清长,/wikiid/2266119190990047809?source=search,
811,117,三村元亲,/wikiid/1348989720282054076?source=search,
812,713,不破光治,/wikiid/5091554544252455993?source=search,
813,717,中川秀成,,
814,786,内田统续,,
815,799,兼松正吉,,
816,802,冷泉隆丰,/wikiid/3997925153352737533?source=search,
817,414,小早川隆景,/wikiid/3741923273992285054?source=search,
818,307,长宗我部盛亲,/wikiid/7153728471135235818?source=search,
819,100,筒井顺庆,/wikiid/8972602743855394395?source=search,
820,40,北畠具教,/wikiid/5003857864883998234?source=search,
821,36,今川义元,/wikiid/6317046886428362548?source=search,
822,58,长尾为景,/wikiid/8586203310362894620?source=search,
823,134,伊东义祐,,
824,81,里见义赖,/wikiid/7208038686903528541?source=search,
825,103,宇喜多秀家,/wikiid/5698256397041990886?source=search,
826,67,大友义鉴,/wikiid/1325311624492788688?source=search,
827,78,真田昌幸,/wikiid/2678206595278915492?source=search,
828,83,斯波义统,/wikiid/8315944143298692774?source=search,
829,119,上杉定实,,
830,39,木曾义昌,/wikiid/334063851058677323?source=search,
831,138,佐竹义宣,/wikiid/2748721224413573540?source=search,
832,97,丰臣秀吉,/wikiid/7237517272293867577?source=search,
833,26,服部一忠,/wikiid/3724219890541317736?source=search,
834,412,小早川秀包,/wikiid/8849004580505432134?source=search,
835,101,上杉谦信,/wikiid/7254500383236702265?source=search,
836,76,相良义阳,/wikiid/2748640870049621228?source=search,
837,633,上杉谦信,/wikiid/7254500383236702265?source=search,
838,583,立花统次,/wikiid/1692683014379206818?source=search,
839,589,高野大膳,/wikiid/1109870455049675670?source=search,
840,358,古田重然,/wikiid/7761422059456625616?source=search,
841,335,支仓常长,/wikiid/2953960969144489736?source=search,
842,337,服部半藏,/wikiid/1616400781419281942?source=search,
843,364,井伊直政,/wikiid/4499208437826514200?source=search,
844,370,稻叶良通,,
845,507,大久保忠隣,,
846,928,安东幸贞,/wikiid/507206384324613524?source=search,
847,513,小野镇幸,/wikiid/1219493180796309005?source=search,
848,654,矢岛重成,/wikiid/9034569442012712921?source=search,
849,658,矢泽赖纲,,
850,664,吉见正赖,/wikiid/4534128138363148439?source=search,
851,665,吉冈妙林,,
852,905,天野康景,,
853,429,京极高次,/wikiid/3407806948878553696?source=search,
854,1889,大河内城之战,,
855,1891,天王寺之战 (1576年),,
856,1888,北伊势之战,,
857,293,安东家忠,/wikiid/6798825593848423728?source=search,
858,63,织田信长,/wikiid/7226946812585672764?source=search,
859,277,斋藤龙兴,/wikiid/3104586902395478647?source=search,
860,1,战国大名,/wikiid/1733029199411443009?source=search,
861,96,德川家康,/wikiid/7231405810474909734?source=search,
862,52,最上义光,/wikiid/5869933166603966221?source=search,
863,125,上杉持朝,,
864,54,毛利元就,/wikiid/7311605954143083975?source=search,
865,110,一条兼定,/wikiid/7579820707691505189?source=search,
866,74,龙造寺家兼,/wikiid/8586457399850045588?source=search,
867,72,六角义治,/wikiid/609864925157743184?source=search,
868,46,松永长赖,/wikiid/1155239961332930512?source=search,
869,123,上杉宪盛,,
870,413,小早川秀秋,/wikiid/1995180031022691390?source=search,
871,374,石川数正,/wikiid/963201803515828881?source=search,
872,309,长连龙,,
873,136,伊达稙宗,/wikiid/1418117689206162017?source=search,
874,44,松平广忠,/wikiid/1130737320513633565?source=search,
875,20,浅井长政,/wikiid/6726443517249134828?source=search,
876,11,有马晴信,/wikiid/1790394203342587562?source=search,
877,357,北条氏尧,,
878,323,蒲生秀行,,
879,87,少贰资元,,
880,150,南部政康,,
881,941,宫田光次,/wikiid/3614472234699228745?source=search,
882,278,龙造寺政家,/wikiid/8863008345858565688?source=search,
883,279,阿部正胜,,
884,809,前田利久,/wikiid/7701052332750185444?source=search,
885,911,太田资清,/wikiid/4387981168693624261?source=search,
886,977,小笠原信岭,,
887,991,小野木重胜,,
888,575,薄田兼相,/wikiid/4962540441093945491?source=search,
889,373,石田三成,/wikiid/7244117310360059938?source=search,
890,478,成濑正成,,
891,508,奥平家昌,/wikiid/7479650046240856635?source=search,
892,483,丹羽长重,/wikiid/2911280962252833790?source=search,
893,588,高桥绍运,/wikiid/1468445600481381913?source=search,
894,1243,江里口信常,/wikiid/137278642435656074?source=search,
895,155,城井镇房,/wikiid/7081637222789846279?source=search,
896,596,竹中重治,/wikiid/8005920354441620867?source=search,
897,482,仁科盛信,/wikiid/5282180657226945428?source=search,
898,497,织田信孝,/wikiid/7844257728065190824?source=search,
899,581,立花统春,/wikiid/5514344972046292171?source=search,
900,152,吉利支丹大名,,
901,327,蜂须贺家政,/wikiid/5795435669280067824?source=search,
902,587,太原雪斋,/wikiid/1685924049514986373?source=search,
903,585,立花成家,/wikiid/554266143095162972?source=search,
904,332,原尻镇清,/wikiid/4284585701476641256?source=search,
905,341,肥田忠政,,
906,593,武田信胜,/wikiid/1328795997158987846?source=search,
907,825,北条纲成,/wikiid/6847720818180847532?source=search,
908,1631,国人众,,
909,623,津田盛月,/wikiid/1843978939663487929?source=search,
910,819,北条幻庵,/wikiid/7984664266414651956?source=search,
911,831,十河一存,/wikiid/1831266965319183796?source=search,
912,1067,后藤家信,,
913,659,吉田兼正,/wikiid/5038207689147618951?source=search,
914,506,大久保长安,/wikiid/5489454355202776372?source=search,
915,363,井伊直胜,,
916,619,丰臣秀长,/wikiid/7062814481518070060?source=search,
917,345,本多正纯,/wikiid/2487372795149683583?source=search,
918,352,细川藤孝,/wikiid/2271192129622641283?source=search,
919,360,北条氏照,/wikiid/5565654844114767451?source=search,
920,490,织田信雄,/wikiid/1451641890658931246?source=search,
921,570,筿原长房,,
922,642,若林镇兴,/wikiid/6146496067295746948?source=search,
923,612,鸟居强右卫门,,
924,649,山县昌景,/wikiid/1419400588731765397?source=search,
925,653,山内一丰,/wikiid/6910003090256896130?source=search,
926,666,由布惟信,/wikiid/8167609042302913728?source=search,
927,818,加藤重德,,
928,683,三好三人众,/wikiid/5653349628597290737?source=search,
929,763,佐久间胜之,,
930,696,三渊藤英,,
931,1015,山冈景隆,,
932,312,颖娃久虎,/wikiid/2193747027328171105?source=search,
933,586,立花镇实,/wikiid/8901363357297509996?source=search,
934,321,藤田信吉,/wikiid/2187742392542416845?source=search,
935,1239,氏家直昌,,
936,154,土岐赖艺,/wikiid/984731884086332513?source=search,
937,594,武田信之,/wikiid/3278785207185403135?source=search,
938,158,大友义统,/wikiid/8773534232874574500?source=search,
939,159,大名 (称谓),/wikiid/4578750212723672714?source=search,
940,684,三好元长,/wikiid/5434338232338483686?source=search,
941,367,池田辉政,/wikiid/816557777017945073?source=search,
942,1021,山田有信,/wikiid/8195633598107008131?source=search,
943,1252,池边永晟,/wikiid/9114021634411623628?source=search,
944,1388,细川尹贤,/wikiid/8870857188067681300?source=search,
945,1320,皆川广照,/wikiid/1802434917076478783?source=search,
946,1419,细川澄之,/wikiid/8373218696967887950?source=search,
947,1323,相良武任,,
948,1426,花房正成,/wikiid/2277403584951928695?source=search,
949,1271,清田正成,/wikiid/3312331596670346981?source=search,
950,1584,石川五右卫门,/wikiid/5378797703853084919?source=search,
951,338,服部一忠,/wikiid/3724219890541317736?source=search,
952,156,大内义长,/wikiid/7975383394584473776?source=search,
953,1187,柳本贤治,/wikiid/3946792863245945862?source=search,
954,1123,木全忠澄,,
955,160,大宝寺义氏,/wikiid/7902586889961820219?source=search,
956,157,大内政弘,/wikiid/8329043588518004858?source=search,
957,496,织田信广,/wikiid/4940170513104257902?source=search,
958,1139,本多政重,/wikiid/3204349119906875156?source=search,
959,1219,正木赖忠,/wikiid/4558170098849911620?source=search,
960,1234,毛利兴元,,
961,924,宇山久兼,/wikiid/2139001801969923862?source=search,
962,1225,母里友信,/wikiid/933918063616674800?source=search,
963,929,安东范久,,
964,1197,森下钓云,/wikiid/7147963950726543349?source=search,
965,1254,泉田重光,/wikiid/381176957547875743?source=search,
966,1246,池田利隆,/wikiid/6692143242970576926?source=search,
967,1312,甲斐亲直,,
968,1502,长尾景春,/wikiid/5687614191801413705?source=search,
969,1668,明应地震,,
970,1669,禁阙之变,,
971,164,宇都宫国纲,/wikiid/3332585093241271946?source=search,
972,628,东常庆,,
973,1247,池田恒兴,/wikiid/728265516553872570?source=search,
974,836,吉川元春,/wikiid/7326309025117675587?source=search,
975,1589,曲直濑道三,/wikiid/7738832934029791415?source=search,
976,1273,渡边了,/wikiid/8749632882530835225?source=search,
977,1140,本多正重,/wikiid/6790303383292579656?source=search,
978,1242,水野忠重,/wikiid/1264962313344116817?source=search,
979,1198,森可政,,
980,834,口羽通良,/wikiid/7878214218069942750?source=search,
981,705,上村赖兴,,
982,1098,明智秀满,/wikiid/7301932054739337270?source=search,
983,1249,池田盛周,/wikiid/7428982453708465040?source=search,
984,1386,细川之持,,
985,1406,织田信时,/wikiid/8680843113762431230?source=search,
986,1336,石川康长,/wikiid/4210143035921346143?source=search,
987,1592,保禄·三木,,
988,1549,鬼庭良直,/wikiid/7613444300385163940?source=search,
989,1893,安土城,/wikiid/5478752334170008516?source=search,
990,671,安东寻季,,
991,652,山中幸盛,/wikiid/7805152200349385250?source=search,
992,1376,筿山景春,,
993,795,内藤隆春,,
994,1105,曾根昌世,/wikiid/8755462586872739924?source=search,
995,1385,粟屋胜久,,
996,1326,真柄直隆,/wikiid/3087294671766404821?source=search,
997,1296,犬童赖安,/wikiid/6080881318662187146?source=search,
998,1274,渡边??,,
999,1231,毛利幸松丸,/wikiid/365934672284076264?source=search,
1000,1374,筑紫广门,/wikiid/5807506055455085846?source=search,
1001,1318,白鸟长久,/wikiid/5934811794623928441?source=search,
1002,1259,津田信澄,,
1003,1393,细川真之,,
1004,1405,织田信忠,/wikiid/5193682795305091225?source=search,
1005,1540,高山友照,,
1006,1519,青山忠门,,
1007,1894,山崎之战,,
1008,1895,志摩平定,,
1009,1898,明智城之战,,
1010,1071,御宿政友,/wikiid/2993610679783732140?source=search,
1011,1185,林为忠,,
1012,1193,栗山利安,/wikiid/4741631720649346029?source=search,
1013,1230,毛利胜永,/wikiid/5568223365451973184?source=search,
1014,670,朝比奈泰能,,
1015,1896,志贺之阵,,
1016,1191,柿崎景家,/wikiid/1507264839541830343?source=search,
1017,1521,青木重直,,
1018,1522,须田长义,,
1019,1651,本膳料理,/wikiid/7818893531719837974?source=search,
1020,1206,椎名康胤,,
1021,1141,本多重次,/wikiid/5611983438863336682?source=search,
1022,1701,中尾城之战,,
1023,1720,岩屋城之战 (淡路国),,
1024,1916,虎御前山之战,,
1025,1172,松平清宗,,
1026,1305,田原亲贯,,
1027,1560,黑田一成,,
1028,1719,小豆坂之战,/wikiid/1467460054564514963?source=search,
1029,2015,聚乐第,/wikiid/1918942338836662593?source=search,
1030,1293,片仓景纲,/wikiid/3976637120593819202?source=search,
1031,1294,片仓重长,/wikiid/4715376078762926110?source=search,
1032,1390,细川持隆,,
1033,1923,长岛一向一揆,,
1034,1927,丰臣秀吉,/wikiid/7237517272293867577?source=search,
1035,1937,九州征伐,/wikiid/1401001207578380464?source=search,
1036,1944,三木合战,/wikiid/8084334915523885185?source=search,
1037,1962,太合检地,/wikiid/2186065961044112579?source=search,
1038,1966,小田原之战,/wikiid/3592726886324754787?source=search,
1039,1978,聚乐第,/wikiid/1918942338836662593?source=search,
1040,1984,丰臣政权,/wikiid/3406338248741453007?source=search,
1041,2085,满天姬,/wikiid/5555500205983562498?source=search,
1042,1688,桑原城之战,,
1043,1965,小牧、长久手之战,/wikiid/7849801603460285287?source=search,
1044,2075,于大之方,,
1045,2057,三英杰,,
1046,2066,天王寺冈山之战,/wikiid/9010957674505235269?source=search,
1047,1686,胜山合战,,
1048,1699,上洛之战,,
1049,1857,马印,/wikiid/2300182671987912124?source=search,
1050,1306,田原亲贤,/wikiid/2684644931309754454?source=search,
1051,1430,荻野直正,,
1052,1512,陶弘护,,
1053,1581,路易斯·弗罗伊斯,,
1054,1582,长谷川等伯,/wikiid/2954609272928349304?source=search,
1055,1394,细川义春,,
1056,1959,大阪城,/wikiid/5977446472403690665?source=search,
1057,1940,二条城,/wikiid/559311247169115294?source=search,
1058,1945,三英杰,/wikiid/4064637365104241025?source=search,
1059,1950,伏见城,/wikiid/8988549149668869946?source=search,
1060,2079,松平信康,/wikiid/3962800565403639093?source=search,
1061,1593,千利休,/wikiid/6317104181745784513?source=search,
1062,1653,庄园 (日本),,
1063,1666,明德和约,/wikiid/6101998962666287886?source=search,
1064,1674,享德之乱,/wikiid/7030615144365632145?source=search,
1065,1683,堂洞合战,,
1066,1685,坚田合战,/wikiid/7374604211966123029?source=search,
1067,1926,鸟取城之战,,
1068,1948,中国征伐,,
1069,1955,四国征伐,/wikiid/8513955322549191768?source=search,
1070,1391,细川政春,,
1071,1555,鸟居忠吉,/wikiid/203590686944487798?source=search,
1072,1568,黑田职隆,,
1073,1648,明日贸易,/wikiid/4268669141131617170?source=search,
1074,779,依田信蕃,,
1075,1401,织田信安,/wikiid/791379209910179738?source=search,
1076,1667,明应之变,/wikiid/8183400326901818478?source=search,
1077,1569,黑田长政,/wikiid/4039061239851377895?source=search,
1078,1317,白石宗实,/wikiid/5636686112347050158?source=search,
1079,1712,严岛之战,/wikiid/4211041735980856841?source=search,
1080,1677,应仁之乱,/wikiid/5304104766592928177?source=search,
1081,1964,姊川之战,,
1082,2091,英胜院,/wikiid/8350820012831671632?source=search,
1083,1961,太合,/wikiid/8193739764988010332?source=search,
1084,1986,贱岳之战,/wikiid/939494235553881970?source=search,
1085,1543,高木清秀,/wikiid/4583573554097403291?source=search,
1086,1546,高桥鉴种,,
1087,1658,关东公方,/wikiid/8638987977487534693?source=search,
1088,1380,米津田政,,
1089,2005,奉行,/wikiid/4866314739308222446?source=search,
1090,739,井户良弘,,
1091,1716,天正最上之乱,/wikiid/8565886179218128322?source=search,
1092,1933,高台院,,
1093,1378,簗田政纲,,
1094,1598,不破万作,/wikiid/1713194337377238863?source=search,
1095,1709,加纳口之战,/wikiid/3651227323846316387?source=search,
1096,1915,兰奢待,/wikiid/2430074205225421460?source=search,
1097,1694,三方原之战,,
1098,1918,赤冢之战,,
1099,395,金森长近,/wikiid/6688715128360147155?source=search,
1100,2105,元和偃武,/wikiid/2376400357159300825?source=search,
1101,2109,木津川口之战 (1614年),/wikiid/4487276372287565715?source=search,
1102,2062,伏见城,/wikiid/8988549149668869946?source=search,
1103,1900,本能寺之变,/wikiid/7252171964759801893?source=search,
1104,1899,有冈城之战,/wikiid/321835549954603685?source=search,
1105,1901,桶狭间之战,/wikiid/7817098520027845158?source=search,
1106,847,吉良亲贞,/wikiid/8915273084058138932?source=search,
1107,1270,清水吉政,,
1108,1494,镰田政年,/wikiid/7157864110568359232?source=search,
1109,857,土佐七雄,,
1110,1700,上田原之战,/wikiid/3234565715830401589?source=search,
1111,1490,金上盛备,/wikiid/2570174099639397571?source=search,
1112,1492,铃木元信,,
1113,2068,小牧、长久手之战,,
1114,1715,天文之乱,/wikiid/2676772863773234279?source=search,
1115,1684,加治田、兼山合战,,
1116,1692,小谷城之战,/wikiid/3800303747963307842?source=search,
1117,1908,稻生之战,/wikiid/5455891522205164768?source=search,
1118,1904,火烧比叡山事件,/wikiid/4784754668691227417?source=search,
1119,37,葛西亲信,,
1120,1096,明智光安,,
1121,1905,生驹吉乃,/wikiid/4532226813575861289?source=search,
1122,1943,七手组,/wikiid/2589092262189522011?source=search,
1123,1946,上月城之战,/wikiid/4220856139830548109?source=search,
1124,1853,钓野伏,/wikiid/6413664433784419748?source=search,
1125,887,大津长昌,,
1126,109,一条房基,/wikiid/62924220315404296?source=search,
1127,1656,那须七骑,,
1128,1806,兵农分离,/wikiid/2065232167254197867?source=search,
1129,1952,信贵山城之战,,
1130,1804,八滨七本枪,,
1131,533,斋藤正义,,
1132,111,一条房冬,/wikiid/1204736692311534937?source=search,
1133,1704,享德之乱,/wikiid/7030615144365632145?source=search,
1134,1721,川中岛之战,/wikiid/4621020995558965107?source=search,
1135,2094,观音寺城之战,,
1136,1866,清洲同盟,/wikiid/3779706605409665390?source=search,
1137,1281,温井续宗,/wikiid/5080047156159547735?source=search,
1138,1552,鲑延秀纲,/wikiid/585031202790644954?source=search,
1139,1670,贞治之变,,
1140,180,山名丰国,/wikiid/3273795436950913910?source=search,
1141,1652,东山文化 (日本),,
1142,450,森忠政,/wikiid/2451184199455037964?source=search,
1143,84,柴田胜家,/wikiid/1377887184805034807?source=search,
1144,1836,朝仓孝景十七条,/wikiid/2140010117000237048?source=search,
1145,1799,下克上,/wikiid/8358968068787799622?source=search,
1146,1679,应永外寇,/wikiid/6900006304106686127?source=search,
1147,1673,五十子之战,/wikiid/4662353898238919773?source=search,
1148,2064,大坂之役,/wikiid/4707862514511144221?source=search,
1149,2063,名古屋城,/wikiid/7587642774601983583?source=search,
1150,2055,三河一向一揆,,
1151,489,织田信张,/wikiid/8373837775143911995?source=search,
1152,1848,西美浓十八将,,
1153,356,北条氏邦,/wikiid/4628024698869742075?source=search,
1154,90,武田胜赖,/wikiid/5349123883983109318?source=search,
1155,2103,大坂之役,/wikiid/4707862514511144221?source=search,
1156,85,岛津贵久,/wikiid/2191873243498914051?source=search,
1157,1917,观音寺城之战,,
1158,392,上泉信纲,/wikiid/7275594869879439412?source=search,
1159,86,岛津义久,/wikiid/1345898091558420273?source=search,
1160,2116,关原之战,/wikiid/1991424762910609203?source=search,
1161,2117,伏见城之战,/wikiid/6978420232165262412?source=search,
1162,1034,岩城亲隆,,
1163,858,土居宗珊,/wikiid/6028984960508010371?source=search,
1164,1302,甘利昌忠,/wikiid/7065970035902534925?source=search,
1165,1780,足轻,/wikiid/7383903506035607494?source=search,
1166,2059,上田合战,/wikiid/1495817535303565459?source=search,
1167,424,熊谷信直,,
1168,2108,天王寺冈山之战,/wikiid/9010957674505235269?source=search,
1169,2118,浅井畷之战,,
1170,1032,岩井信能,,
1171,1058,平手政秀,/wikiid/953065884531050726?source=search,
1172,1800,京都,/wikiid/120052733634217886?source=search,
1173,1661,守山崩,/wikiid/1326367258445695505?source=search,
1174,1559,黑川晴氏,,
1175,2111,真田丸,/wikiid/3225083098941050818?source=search,
1176,166,宇都宫广纲,/wikiid/2381332895014004653?source=search,
1177,2050,骏府城,/wikiid/6694033218473344801?source=search,
1178,391,龟井兹矩,/wikiid/2524115704771231546?source=search,
1179,98,丰臣氏,/wikiid/4696769423038140788?source=search,
1180,177,小野寺义道,,
1181,516,大久保忠世,/wikiid/8930003905389586827?source=search,
1182,2065,天正壬午之乱,/wikiid/1007283986304969975?source=search,
1183,2088,禁中并公家诸法度,/wikiid/8635783751289534776?source=search,
1184,88,宗义智,/wikiid/3120022760742446699?source=search,
1185,449,森宗意轩,,
1186,1802,代官,/wikiid/8610619090079448565?source=search,
1187,1778,鸟取城之战,,
1188,1365,立原久纲,/wikiid/5509591744969796476?source=search,
1189,599,谷忠澄,/wikiid/5202681320422270869?source=search,
1190,932,安武方清,,
1191,1155,松平信康,/wikiid/3962800565403639093?source=search,
1192,1911,织田信秀 (信长之子),,
1193,1879,三木合战,/wikiid/8084334915523885185?source=search,
1194,617,藤堂高虎,/wikiid/433673076002123932?source=search,
1195,1457,丰臣秀次,/wikiid/1526475843109850560?source=search,
1196,1101,明石景行,,
1197,1474,远山纲景,/wikiid/496763276614604179?source=search,
1198,1036,岸信周,/wikiid/8795677067392663385?source=search,
1199,1663,山城国一揆,,
1200,1363,稻叶贞通,/wikiid/1522879306685776934?source=search,
1201,1412,织田信行,/wikiid/1795479680462098833?source=search,
1202,1452,诹访赖隆,,
1203,1453,诸冈一羽,,
1204,1976,箕浦之战,,
1205,1477,远藤直经,/wikiid/577371904644111968?source=search,
1206,1779,战国时代 (日本),,
1207,754,伊达成实,/wikiid/5673001266780241019?source=search,
1208,1042,岛津忠良,/wikiid/5033613428597424133?source=search,
1209,1472,逸见昌经,,
1210,573,陶晴贤,/wikiid/7094422860757613443?source=search,
1211,2074,方广寺钟铭事件,/wikiid/3327418436182945864?source=search,
1212,2052,督姬,/wikiid/8802003725587527584?source=search,
1213,727,久武亲直,/wikiid/4140543678102403516?source=search,
1214,1723,应仁之乱,/wikiid/5304104766592928177?source=search,
1215,1824,尼子十旗,/wikiid/2607717983208560196?source=search,
1216,1975,火烧比叡山事件,,
1217,1920,野田城、福岛城之战,,
1218,1057,平手久秀,,
1219,95,武田信玄,/wikiid/7231837256817901571?source=search,
1220,200,村上武吉,/wikiid/6679771828910271191?source=search,
1221,201,松平长亲,/wikiid/6443968930024566970?source=search,
1222,283,明石全登,/wikiid/8360888206892461494?source=search,
1223,1805,六角氏式目,,
1224,209,池田胜正,,
1225,732,井伊直宗,,
1226,1754,耳川之战,/wikiid/151688008812070595?source=search,
1227,1758,虎御前山之战,,
1228,1766,野良田合战,,
1229,1775,防长经略,,
1230,202,松浦镇信,/wikiid/6143291468993818845?source=search,
1231,45,松前庆广,,
1232,1733,本庄繁长之乱,,
1233,1735,桶狭间之战,,
1234,1922,金森一向一揆之战,,
1235,1751,第二次国府台之战,/wikiid/6027608005168095153?source=search,
1236,1767,金崎之战,,
1237,1776,骏河侵攻,,
1238,205,武田元明,/wikiid/2264583417229291624?source=search,
1239,207,武田义统,,
1240,231,秋田实季,,
1241,208,江户重通,,
1242,1774,长良川之战,/wikiid/6102707882884431184?source=search,
1243,1044,岛津义虎,/wikiid/43898280759160697?source=search,
1244,1991,黄母衣众,,
1245,1938,长滨城 (近江国),,
1246,1871,织田胜长,/wikiid/6085282534073374539?source=search,
1247,778,依冈左京进,,
1248,1513,陶兴房,/wikiid/4285806471358510957?source=search,
1249,394,神余亲纲,,
1250,1122,木下赖继,,
1251,1450,诹访赖水,,
1252,1834,最上八楯,,
1253,966,小早川弘平,,
1254,1784,石山本愿寺,/wikiid/2019051629946542133?source=search,
1255,120,上杉宪胜,/wikiid/7518942640340599196?source=search,
1256,1810,国人众,,
1257,1811,地侍,/wikiid/8973545623875083982?source=search,
1258,142,来岛通总,/wikiid/6412376846063527724?source=search,
1259,1495,镰田政近,,
1260,288,尼子诚久,/wikiid/3481732838802693428?source=search,
1261,479,长束正家,/wikiid/7532248251463596264?source=search,
1262,578,铃木重朝,/wikiid/8414469065378031011?source=search,
1263,811,前田利益,,
1264,998,屋代景赖,,
1265,1221,武田信友,,
1266,983,小笠原贞庆,/wikiid/4554996052761375166?source=search,
1267,1175,松平亲盛,,
1268,1547,高远赖继,,
1269,1407,织田信正,/wikiid/7552890474519475826?source=search,
1270,181,山名丰定,,
1271,576,铃木重秀,,
1272,1837,朱印状,/wikiid/6865011890984326077?source=search,
1273,179,山名致丰,,
1274,1479,那波显宗,,
1275,1116,朝仓景盛,,
1276,1542,高木正次,,
1277,796,八户政荣,,
1278,1435,莳田广定,,
1279,913,太田资显,,
1280,492,织田信照,/wikiid/1045489116101174843?source=search,
1281,1340,石桥尚义,,
1282,318,圆城寺信胤,/wikiid/8813184036530596417?source=search,
1283,692,三浦义就,,
1284,898,大野治胤,/wikiid/7701002809284922702?source=search,
1285,1789,近江国,/wikiid/8953426505416856438?source=search,
1286,723,中野宗时,/wikiid/7364055887348802612?source=search,
1287,896,大野木秀俊,,
1288,547,真田信尹,/wikiid/155256105534184640?source=search,
1289,766,佐久间盛重,/wikiid/6540942027036705868?source=search,
1290,126,上杉朝兴,,
1291,736,井伊直亲,,
1292,532,斋藤利三,/wikiid/5501477537726169002?source=search,
1293,17,芦名盛兴,/wikiid/375801523025340849?source=search,
1294,1069,得居通幸,/wikiid/6421692490190626691?source=search,
1295,137,伊达辉宗,/wikiid/5299200653419988714?source=search,
1296,139,佐竹义昭,/wikiid/243407854433595753?source=search,
1297,8,姊小路良赖,,
1298,167,安东爱季,/wikiid/6040461927129338143?source=search,
1299,1023,岛村盛实,,
1300,1038,岛津久保,/wikiid/7402356636512296386?source=search,
1301,170,小山秀纲,/wikiid/4607243180508733936?source=search,
1302,1088,斑鸠平次,,
1303,1159,松平家信,,
1304,1924,长筿之战,,
1305,1982,观音寺城之战,,
1306,434,前野长康,/wikiid/8308819533271984953?source=search,
1307,353,细川尚春,,
1308,2044,草津温泉,/wikiid/6091737322888894074?source=search,
1309,577,铃木重兼,/wikiid/7465744561341364004?source=search,
1310,368,伊木远雄,,
1311,1210,乐岩寺雅方,,
1312,268,长野具藤,,
1313,901,大须贺康高,/wikiid/1273132599176501056?source=search,
1314,185,岩城亲隆,,
1315,499,小笠原元续,,
1316,909,太田资家,/wikiid/7290303232687989503?source=search,
1317,276,高桥长种,,
1318,1161,松平家广 (樱井松平家),,
1319,1611,田川七左卫门,/wikiid/881755426608185140?source=search,
1320,546,樱庭光康,,
1321,1387,细川元胜,/wikiid/5936590695341218106?source=search,
1322,602,户田一西,,
1323,33,今川义忠,/wikiid/5589795947261641984?source=search,
1324,355,北条氏规,/wikiid/6995531062505665433?source=search,
1325,1144,村上通康,/wikiid/6412376846063527724?source=search,
1326,1963,奥州仕置,/wikiid/6139576902156331393?source=search,
1327,2054,三方原之战,/wikiid/2651725359245296455?source=search,
1328,16,足利义氏 (古河公方),/wikiid/8672447195412234774?source=search,
1329,2089,筑山殿,/wikiid/6199234294650334464?source=search,
1330,194,最上义守,/wikiid/1466014985859664096?source=search,
1331,196,朝仓孝景 (第10代当主),/wikiid/8906523018524782682?source=search,
1332,2049,西乡局,/wikiid/4982945048623657622?source=search,
1333,616,十时连贞,/wikiid/3241613008819749242?source=search,
1334,614,鸟居元忠,/wikiid/3653598643767827488?source=search,
1335,1949,九州国分,,
1336,1968,山崎之战,/wikiid/3629136361428966329?source=search,
1337,1646,战国大名,/wikiid/1733029199411443009?source=search,
1338,243,肝付良兼,/wikiid/3199566044775661744?source=search,
1339,1617,丰臣鹤松,/wikiid/918746253297958634?source=search,
1340,215,波多野秀治,,
1341,189,户泽盛安,/wikiid/2179084448006953282?source=search,
1342,1463,赤松则房,,
1343,1556,鹈殿长照,,
1344,218,浅井久政,/wikiid/9218989574085545904?source=search,
1345,781,保科正光,/wikiid/7169581142615078475?source=search,
1346,217,浦上宗景,/wikiid/3331711275311899903?source=search,
1347,224,畠山义纲,/wikiid/1455704332658905605?source=search,
1348,1422,肝付兼笃,/wikiid/8668697685231714449?source=search,
1349,221,畠山政国,,
1350,1145,村井长赖,/wikiid/1116696544859821519?source=search,
1351,236,细川政元,/wikiid/4016487426535707542?source=search,
1352,233,筒井定庆,,
1353,230,秋月种实,/wikiid/6192318905004930036?source=search,
1354,226,畠山高政,,
1355,228,相马盛胤 (弹正大弼),,
1356,237,细川晴元,/wikiid/7899346698134555671?source=search,
1357,238,结城晴朝,/wikiid/8998689521814611516?source=search,
1358,240,结城政胜,/wikiid/8012600513820182006?source=search,
1359,247,蒲池鉴盛,/wikiid/7498824199506909583?source=search,
1360,248,芦名盛氏,/wikiid/1879013448916837646?source=search,
1361,251,芦名龟王丸,/wikiid/54848030641196373?source=search,
1362,254,诹访赖重,/wikiid/344118920655814980?source=search,
1363,258,足利义明,/wikiid/3066021606859837796?source=search,
1364,262,长宗我部兼序,/wikiid/6580672370224669562?source=search,
1365,272,长野业盛,/wikiid/92643985550121978?source=search,
1366,263,长宗我部国亲,/wikiid/1012786345188716619?source=search,
1367,269,长野业正,/wikiid/8149578629008717662?source=search,
1368,266,长尾氏,/wikiid/7842837792414172033?source=search,
1369,381,板仓胜重,/wikiid/2126441197629533675?source=search,
1370,378,石松政之,,
1371,380,板垣信方,/wikiid/7672920653852973456?source=search,
1372,383,伊东祐兵,,
1373,385,桦山久高,/wikiid/4943067072189393751?source=search,
1374,519,太田资正,/wikiid/8578086966573381119?source=search,
1375,524,留守政景,/wikiid/8607925687744041184?source=search,
1376,521,太田牛一,/wikiid/5284336363205216164?source=search,
1377,522,大谷吉继,/wikiid/4664270337426514867?source=search,
1378,526,佐伯惟定,/wikiid/6679482867643089697?source=search,
1379,131,二阶堂盛义,/wikiid/1544482657150844872?source=search,
1380,1814,天下人,/wikiid/5451519836317918653?source=search,
1381,1828,战国大名,/wikiid/1733029199411443009?source=search,
1382,1816,奥州探题,/wikiid/6938429598089887388?source=search,
1383,1827,影武者,/wikiid/66554577053076144?source=search,
1384,1832,日本战国历史年表,/wikiid/8624727045939312729?source=search,
1385,1839,检地,/wikiid/5794510492832889900?source=search,
1386,543,榊原康政,/wikiid/8946262497653654568?source=search,
1387,537,拜乡家嘉,/wikiid/7084208132247803173?source=search,
1388,542,酒井忠世,/wikiid/7086806101026493703?source=search,
1389,531,斋藤朝信,/wikiid/6522876400656770021?source=search,
1390,527,相良长每,,
1391,552,仙石秀久,/wikiid/150850256428660158?source=search,
1392,551,仙石忠政,/wikiid/2158215444600272897?source=search,
1393,550,佐藤秀方,,
1394,555,斯波义银,/wikiid/5235290033481755628?source=search,
1395,554,世户口政良,,
1396,553,千手喜云,,
1397,558,七里赖周,/wikiid/702290222816901287?source=search,
1398,564,岛津家久,/wikiid/2099336235717887254?source=search,
1399,559,志道广良,/wikiid/8626109155602611018?source=search,
1400,560,岛清兴,/wikiid/4806004058416782167?source=search,
1401,566,岛津义弘,/wikiid/8423679355899900044?source=search,
1402,567,清水康英,,
1403,568,清水宗治,/wikiid/8180480781030396207?source=search,
1404,565,岛津忠恒,/wikiid/2672849849920533794?source=search,
1405,1840,武家官位,,
1406,1841,武家政权,,
1407,1847,被官,/wikiid/7412055848313070608?source=search,
1408,1850,赤备,/wikiid/7959481779844173288?source=search,
1409,1849,丰臣秀吉高山国招谕文书,,
1410,1854,长宗我部元亲百个条,,
1411,1864,建勋神社,,
1412,1860,堂洞合战,,
1413,1861,岐阜城,/wikiid/3518889778750996792?source=search,
1414,1859,土田御前,/wikiid/3179879433022705151?source=search,
1415,1856,风林火山,/wikiid/8485942365522409353?source=search,
1416,1858,织田信长,/wikiid/7226946812585672764?source=search,
1417,965,小平季远,/wikiid/5876796159881324395?source=search,
1418,969,小栗吉忠,,
1419,839,吉川经安,,
1420,1868,浓姬,/wikiid/1276506624597253071?source=search,
1421,1865,清洲城,/wikiid/3083019514251348553?source=search,
1422,1867,二条城,/wikiid/559311247169115294?source=search,
1423,1872,织田信孝,/wikiid/7844257728065190824?source=search,
1424,1869,织田信雄,/wikiid/1451641890658931246?source=search,
1425,1875,小谷城之战,/wikiid/3800303747963307842?source=search,
1426,625,柘植正俊,/wikiid/5050141662236614205?source=search,
1427,841,吉弘鉴理,/wikiid/7052918878469070018?source=search,
1428,840,吉川经家,/wikiid/5949863576509195063?source=search,
1429,849,和田惟政,/wikiid/2677223429634687773?source=search,
1430,885,大友亲贞,,
1431,856,国司元相,/wikiid/2612431739444070545?source=search,
1432,863,坂井政尚,,
1433,624,柘植清广,,
1434,541,酒井忠次,/wikiid/6108317432021990349?source=search,
1435,562,岛津岁久,/wikiid/3385861582315280318?source=search,
1436,548,真田信之,/wikiid/6717883348874236474?source=search,
1437,439,松永长赖,/wikiid/1155239961332930512?source=search,
1438,437,松平康长,,
1439,436,丸目长惠,/wikiid/2746995613956275382?source=search,
1440,443,米多比镇久,/wikiid/3694346796881302950?source=search,
1441,445,三好义兴,/wikiid/7076442514458563853?source=search,
1442,451,森可成,/wikiid/4719945134085678269?source=search,
1443,444,三好义贤,/wikiid/1309210121975710845?source=search,
1444,447,水野胜成,/wikiid/2032548819226568400?source=search,
1445,453,森兰丸,/wikiid/2819252004841224191?source=search,
1446,452,森长可,/wikiid/7371045586138489487?source=search,
1447,462,锅岛直茂,/wikiid/1126835305109880199?source=search,
1448,456,毛利秀元,,
1449,463,长井道利,,
1450,467,中江新八,/wikiid/9045148231919649642?source=search,
1451,465,内藤正成,/wikiid/7012663350534507352?source=search,
1452,470,中条藤资,/wikiid/4291437064687194144?source=search,
1453,949,富田长繁,/wikiid/8243771797262400063?source=search,
1454,953,小串成重,/wikiid/9021018668004206029?source=search,
1455,958,小寺高友,,
1456,962,小幡信贞,,
1457,963,小幡昌盛,/wikiid/5789160978575400365?source=search,
1458,865,堀尾吉晴,/wikiid/4836213631802770865?source=search,
1459,1992,府中三人众,,
1460,868,堀秀政,/wikiid/2729772995305769215?source=search,
1461,1993,清洲同盟,/wikiid/3779706605409665390?source=search,
1462,2000,五奉行,/wikiid/3464361713862269258?source=search,
1463,2001,京都所司代,/wikiid/1509274595147128949?source=search,
1464,2003,刀狩令,,
1465,1998,九州国分,,
1466,2004,太合检地,/wikiid/2186065961044112579?source=search,
1467,2006,奥州仕置,/wikiid/6139576902156331393?source=search,
1468,2007,寺社奉行,,
1469,2009,山崎之战,,
1470,2010,御伽众,/wikiid/3278492860960227575?source=search,
1471,2016,转封,,
1472,2014,安土时代,/wikiid/3920202956792593336?source=search,
1473,2019,足利氏,/wikiid/7280637635926951056?source=search,
1474,2020,古河公方,/wikiid/2600356021405578365?source=search,
1475,2022,公方,/wikiid/4621525581138756654?source=search,
1476,2024,堺公方,,
1477,2025,室町幕府,/wikiid/6315760686253826452?source=search,
1478,2033,被官,/wikiid/7412055848313070608?source=search,
1479,2032,花之御所,,
1480,2026,康历政变,,
1481,2036,鞆幕府,,
1482,2027,建武式目,,
1483,2037,德川家康,/wikiid/7231405810474909734?source=search,
1484,2039,关原之战,/wikiid/1991424762910609203?source=search,
1485,2040,江户城,/wikiid/2374431210124592657?source=search,
1486,2041,德川秀忠,/wikiid/2024306900245464400?source=search,
1487,870,堀秀治,/wikiid/5254180260721437017?source=search,
1488,879,大内定纲,/wikiid/1114519636981429419?source=search,
1489,880,大内晴持,/wikiid/7877727150043873242?source=search,
1490,884,大友亲家,/wikiid/7744999414081318732?source=search,
1491,891,大藤信基,/wikiid/3122604666623534473?source=search,
1492,892,大谷吉治,/wikiid/4265890432603898583?source=search,
1493,872,塙直政,/wikiid/1869474167270134738?source=search,
1494,899,大野治长,/wikiid/7351897435314980006?source=search,
1495,893,大道寺政繁,/wikiid/398403910061081089?source=search,
1496,613,鸟居忠政,/wikiid/8085441032754358924?source=search,
1497,2092,荣姬,,
1498,406,吉川广家,/wikiid/5449748525540680218?source=search,
1499,411,北川宣胜,,
1500,1089,新发田长敦,/wikiid/8531770234752880543?source=search,
1501,2042,清洲同盟,/wikiid/3779706605409665390?source=search,
1502,1092,日根野弘就,/wikiid/4796204777560060481?source=search,
1503,1681,结城合战,/wikiid/3741676617469127189?source=search,
1504,1687,久米田之战,,
1505,1897,敌在本能寺,/wikiid/5677271345508157833?source=search,
1506,1902,永姬,/wikiid/7508218302348191325?source=search,
1507,195,最上义定,/wikiid/6921251715528539390?source=search,
1508,1256,津川义冬,/wikiid/4538609873873384306?source=search,
1509,1255,波多野秀尚,,
1510,1473,远山景任,/wikiid/2645623693560491774?source=search,
1511,838,吉川经世,,
1512,837,吉川元长,/wikiid/6305518532673277645?source=search,
1513,1338,石川贞清,,
1514,1337,石川清兼,,
1515,1343,祁答院良重,,
1516,1341,石田正澄,/wikiid/5329931879922335991?source=search,
1517,1345,神保相茂,/wikiid/2781525099419657330?source=search,
1518,1349,神户具盛,/wikiid/1343861734782804534?source=search,
1519,1346,神保长住,/wikiid/7666844148607320705?source=search,
1520,1352,福原贞俊,/wikiid/8453113303978797363?source=search,
1521,204,武田信丰 (若狭武田氏),,
1522,1693,高远合战,,
1523,2114,野田福岛之战,,
1524,1059,平贺元相,,
1525,1056,平冈房实,,
1526,420,五岛玄雅,,
1527,422,九鬼守隆,/wikiid/5617437007396228440?source=search,
1528,635,氏家直元,,
1529,1085,户田氏铁,,
1530,505,冈部则纲,,
1531,500,小川祐忠,,
1532,637,梅津政景,/wikiid/5872427409513749741?source=search,
1533,1612,疋田景兼,/wikiid/5984282907085349588?source=search,
1534,1610,狩野山乐,/wikiid/3771342987273564734?source=search,
1535,1192,栗原信盛,,
1536,1220,武田二十四将,/wikiid/1305508751974368257?source=search,
1537,1297,猪俣邦宪,/wikiid/3371786073736153942?source=search,
1538,1003,山口宗永,,
1539,1009,山名丰政,,
1540,789,内藤胜介,,
1541,827,北条繁广,,
1542,213,河野通直 (弹正少弼),/wikiid/652966449867347973?source=search,
1543,1275,渡边长,/wikiid/6160600947569681167?source=search,
1544,1621,足轻,/wikiid/7383903506035607494?source=search,
1545,1484,野一色助义,/wikiid/3778301128066253181?source=search,
1546,1696,三浦倭乱,/wikiid/167801983191208841?source=search,
1547,851,唐人亲广,,
1548,1062,庄元祐,,
1549,1063,庄林一心,/wikiid/7741865635473281583?source=search,
1550,427,朽木元纲,/wikiid/7781114593723223812?source=search,
1551,1914,兴云院,/wikiid/8481048270858854860?source=search,
1552,1497,长坂昌国,/wikiid/2312598261503058538?source=search,
1553,1095,日比野清实,/wikiid/3598138066740212817?source=search,
1554,1375,笕十藏,/wikiid/6515419365182182252?source=search,
1555,1599,丿贯,,
1556,1981,虎御前山之战,,
1557,1928,八幡山城,/wikiid/2252865116050542024?source=search,
1558,1073,德川十六神将,/wikiid/8837860625216194399?source=search,
1559,1925,养德院,/wikiid/8022626768838754923?source=search,
1560,1074,德永寿昌,,
1561,1076,志駄义秀,,
1562,1075,志贺亲次,/wikiid/8481020840956597829?source=search,
1563,1930,羽柴秀胜 (石松丸),/wikiid/3754221518953070583?source=search,
1564,1929,羽柴氏,,
1565,1931,方广寺 (京都市),,
1566,1505,长尾显长,,
1567,1503,长尾辉景,,
1568,1504,长尾重景,/wikiid/7008609740864341099?source=search,
1569,869,堀秀村,,
1570,1292,爱洲移香斋,/wikiid/6321893910863952735?source=search,
1571,1298,猪苗代盛胤,,
1572,1295,牛尾幸清,/wikiid/5326996375796079958?source=search,
1573,514,大石纲元,,
1574,1725,忍原崩,,
1575,1081,户次镇连,/wikiid/7939533025440083141?source=search,
1576,1082,户田胜成,,
1577,1080,成田显泰,/wikiid/6125950817604103384?source=search,
1578,1506,长续连,/wikiid/3212897574935710685?source=search,
1579,2090,良云院,/wikiid/4149549179415715391?source=search,
1580,1516,青地茂纲,,
1581,1507,长谷川桥介,,
1582,661,吉田孝赖,/wikiid/6720402874217948734?source=search,
1583,662,吉江资坚,,
1584,660,吉田政重,/wikiid/4035139626053162460?source=search,
1585,239,细川高国,/wikiid/6253951743143387019?source=search,
1586,874,多目元忠,/wikiid/935728179946959650?source=search,
1587,873,夏目吉信,/wikiid/3922347403038065743?source=search,
1588,876,大久保忠俊,/wikiid/4471474647116932322?source=search,
1589,875,大久保忠佐,/wikiid/5746296145594894931?source=search,
1590,1939,名护屋城,/wikiid/5108574251456627708?source=search,
1591,1514,陶长房,/wikiid/5116838734887536886?source=search,
1592,1359,秋元景朝,,
1593,1086,户田重政,/wikiid/5788687035385536492?source=search,
1594,1360,秋元长朝,,
1595,1515,雨宫正利,,
1596,1870,织田鹤姬,,
1597,1090,新纳忠元,/wikiid/3183968024127062502?source=search,
1598,1147,松下重纲,/wikiid/2820161877666609383?source=search,
1599,1091,日本枪柱七本,,
1600,877,大井信业,,
1601,878,大井贞隆,,
1602,455,室住虎光,,
1603,1303,生驹亲正,/wikiid/43538584239943135?source=search,
1604,1792,志摩国,/wikiid/8430543447833598644?source=search,
1605,1094,日根野高吉,/wikiid/5045242717990977053?source=search,
1606,245,葛西晴信,/wikiid/5555322312452087097?source=search,
1607,246,葛西晴胤,,
1608,244,芦名盛滋,,
1609,1093,日根野盛就,,
1610,464,内藤如安,/wikiid/8323523547613751562?source=search,
1611,458,村上国清,/wikiid/6381016200129853681?source=search,
1612,461,锅岛清房,,
1613,460,锅岛胜茂,/wikiid/1628680099940549574?source=search,
1614,1941,人扫令,,
1615,459,祢津信政,,
1616,1942,总见院,,
1617,669,朝仓在重,,
1618,882,大内辉弘,/wikiid/1718724566590845971?source=search,
1619,49,三好义继,/wikiid/603056495821509429?source=search,
1620,1099,明智茂朝,,
1621,1097,明智光忠,,
1622,675,一柳直末,/wikiid/7588635536563165401?source=search,
1623,673,大关增次,,
1624,672,浮田国定,,
1625,676,一色义定,/wikiid/3536161205411045354?source=search,
1626,252,蛎崎季广,/wikiid/8731556475883815310?source=search,
1627,253,西园寺公广,/wikiid/2207401289186016663?source=search,
1628,480,祢寝清年,,
1629,249,芦名盛舜,/wikiid/3152815171704351854?source=search,
1630,250,芦名盛高,/wikiid/6479161386857452761?source=search,
1631,1736,横山城之战,,
1632,1319,百百纲家,/wikiid/8555663061409298452?source=search,
1633,1314,町田久政,,
1634,1311,由良贞繁,,
1635,1316,白仓重家,,
1636,1313,町田久倍,,
1637,1526,饭尾连龙,,
1638,1523,饭坂宗康,,
1639,1524,饭尾乘连,,
1640,1525,饭尾敏成,,
1641,471,中村一荣,,
1642,469,中川清秀,/wikiid/6317574955073384967?source=search,
1643,472,中村一氏,/wikiid/4540936077993924591?source=search,
1644,468,中川秀政,/wikiid/6207117793854557732?source=search,
1645,889,大泽基胤,,
1646,895,大道寺直次,,
1647,890,大石定久,,
1648,894,大道寺盛昌,,
1649,679,一万田镇实,,
1650,1957,墨俣城,/wikiid/2824661584279080083?source=search,
1651,1951,伴天连追放令,/wikiid/38317924626450428?source=search,
1652,1958,大政所,/wikiid/7855957797617534687?source=search,
1653,1956,圆融院,,
1654,255,赤松晴政,/wikiid/4406855053454696636?source=search,
1655,1554,鯵坂长实,,
1656,1529,香宗我部亲泰,/wikiid/5085819473504503074?source=search,
1657,1530,香川亲和,/wikiid/8823680325761881500?source=search,
1658,1533,马场职家,/wikiid/153797780335126490?source=search,
1659,1534,马场虎贞,,
1660,1813,堺公方,,
1661,1536,高力正长,,
1662,1750,第一次国府台之战,/wikiid/6651242891619033249?source=search,
1663,1746,石部城之战,,
1664,1744,盐尻峠之战,/wikiid/3142637705297865799?source=search,
1665,1321,相合元纲,/wikiid/2441159546630595032?source=search,
1666,686,三好长秀,,
1667,685,三好吉房,/wikiid/1033610840011521195?source=search,
1668,1109,望月信赖,,
1669,1112,望月昌赖,,
1670,1110,望月信雅,,
1671,1111,望月千代女,/wikiid/1364365055092681061?source=search,
1672,265,长尾晴景,/wikiid/1298280077940924169?source=search,
1673,261,那须高资,/wikiid/1852653948360463257?source=search,
1674,260,那须资胤,/wikiid/8234077537849043567?source=search,
1675,267,长尾能景,/wikiid/3936751035425433874?source=search,
1676,264,长宗我部雄亲,/wikiid/6937850041274815163?source=search,
1677,910,太田资忠,/wikiid/3576496767900340242?source=search,
1678,486,织田秀成,/wikiid/1499034187412731778?source=search,
1679,481,西美浓三人众,/wikiid/5305456752507978032?source=search,
1680,485,沼田祐光,,
1681,487,织田秀则,,
1682,488,织田长利,/wikiid/1678619549737156268?source=search,
1683,1115,朝仓景恒,/wikiid/4493391924773136478?source=search,
1684,903,天童赖澄,,
1685,904,天童赖贞,,
1686,906,天野景贯,,
1687,1757,萱津之战,,
1688,1755,能登天文之内乱,,
1689,306,千坂景亲,/wikiid/7418310724728223749?source=search,
1690,1756,花仓之乱,/wikiid/1347382685919041421?source=search,
1691,1761,越中征伐,/wikiid/6303798266935957292?source=search,
1692,697,上井觉兼,/wikiid/811829305979370324?source=search,
1693,695,三渊晴员,,
1694,693,三浦贞胜,,
1695,694,三浦贞盛,,
1696,698,上山满兼,,
1697,270,长野稙藤,,
1698,1371,竹俣庆纲,/wikiid/3873363987499655046?source=search,
1699,1121,木下昌直,/wikiid/1218893626791467212?source=search,
1700,65,小野寺景道,,
1701,1335,石川康通,/wikiid/3535640519920454523?source=search,
1702,2021,三好政权,,
1703,1994,三条大桥,,
1704,699,上山义房,/wikiid/2688719201497949210?source=search,
1705,701,上杉景信,/wikiid/4598739156349064804?source=search,
1706,1149,松山重治,,
1707,1150,松平一生,,
1708,912,太田资赖,,
1709,1550,鱼住景固,/wikiid/1831147256950781725?source=search,
1710,1787,三河国,/wikiid/6961127224018111494?source=search,
1711,1788,美浓国,/wikiid/2067508872694422856?source=search,
1712,703,上杉氏宪 (深谷上杉氏),,
1713,1973,淀城之战,,
1714,1979,聚乐第行幸,,
1715,1977,耳冢,/wikiid/4881367258357353401?source=search,
1716,1974,清洲会议,/wikiid/758406223644577973?source=search,
1717,1586,海北友松,/wikiid/1625271781912911396?source=search,
1718,280,阿部正次,/wikiid/1710294554455366971?source=search,
1719,1553,鲇江贞景,,
1720,1342,石黑成纲,,
1721,1128,木造具政,/wikiid/2690265336215894892?source=search,
1722,1768,金森一向一揆之战,,
1723,281,阿部定吉,/wikiid/1985530642339037159?source=search,
1724,282,赤松政秀,/wikiid/8968219273194405559?source=search,
1725,1130,本多康俊,,
1726,1344,神保氏张,,
1727,1132,本多忠政,/wikiid/190969868357176756?source=search,
1728,1131,本多康重,,
1729,1133,本多忠朝,/wikiid/2000543957941334173?source=search,
1730,70,大崎义隆,/wikiid/2260897023907949023?source=search,
1731,71,六角定赖,/wikiid/4135048907392986801?source=search,
1732,503,冈部正纲,,
1733,1558,盐谷义孝,,
1734,504,冈部元信,/wikiid/1875379445068915351?source=search,
1735,292,安藤直次,/wikiid/3957884161341768166?source=search,
1736,502,冈吉正,,
1737,1564,黑田利高,,
1738,1566,黑田直之,,
1739,1563,黑田利则,,
1740,714,不破直光,,
1741,715,并河易家,,
1742,925,安宅信康,/wikiid/1507270439378667755?source=search,
1743,712,下间赖照,/wikiid/6003599494573178606?source=search,
1744,1781,焙烙火矢,,
1745,1135,本多忠纯,/wikiid/6770382021515738763?source=search,
1746,1137,本多忠高,/wikiid/3153950657249358061?source=search,
1747,1138,本多成重,/wikiid/5573629961382426534?source=search,
1748,1351,神西元通,,
1749,530,斋藤利宗,,
1750,1152,松平信一,,
1751,926,安宅清康,,
1752,930,安东茂季,,
1753,1987,越中征伐,/wikiid/6303798266935957292?source=search,
1754,1353,福岛正之,/wikiid/209296974300360764?source=search,
1755,1354,福岛正信,/wikiid/7419143412420322827?source=search,
1756,1355,福岛高晴,,
1757,716,中山照守,/wikiid/4320961002658507279?source=search,
1758,719,中村元明,,
1759,1578,龙造寺家门,,
1760,728,久野宗能,,
1761,510,奥村永福,/wikiid/4213688927917353986?source=search,
1762,511,大村纯赖,,
1763,1801,今川假名目录,,
1764,1356,福留仪重,/wikiid/5645907011473778859?source=search,
1765,1357,福留亲政,,
1766,295,青山忠俊,/wikiid/8678052998244852235?source=search,
1767,1154,松平信吉,,
1768,294,青山忠成,/wikiid/6803097900909527416?source=search,
1769,1153,松平信光,/wikiid/2287492947590886244?source=search,
1770,1783,伊势国,/wikiid/7149176458464527929?source=search,
1771,1988,醍醐花宴,,
1772,1996,七手组,/wikiid/2589092262189522011?source=search,
1773,1782,伊贺国,/wikiid/4151753980755961709?source=search,
1774,1997,三中老,,
1775,1995,天下布武,/wikiid/6530257340895652653?source=search,
1776,92,武田元信,,
1777,2002,代官,/wikiid/8610619090079448565?source=search,
1778,722,中条景资,,
1779,943,富永忠元,,
1780,946,富田景政,,
1781,947,富田氏实,,
1782,948,富田重政,/wikiid/3286307132684062627?source=search,
1783,387,海北纲亲,/wikiid/7992267601369175892?source=search,
1784,733,井伊直平,,
1785,1796,一领具足,/wikiid/2894966745393043866?source=search,
1786,1662,宽正土一揆,,
1787,1665,明德之乱,/wikiid/5780446174269500155?source=search,
1788,1797,三好政权,,
1789,1798,上洛,/wikiid/5199376595194451684?source=search,
1790,598,田中吉政,/wikiid/7540162988674649568?source=search,
1791,1373,笠原清繁,,
1792,1372,笠原政尧,,
1793,528,杂贺孙市,/wikiid/6677031941477314425?source=search,
1794,1377,簗田广正,,
1795,313,远藤基信,/wikiid/3518512763977117506?source=search,
1796,1162,松平家忠 (形原松平家),,
1797,1251,池赖和,,
1798,2008,小姓,/wikiid/5147622579120121821?source=search,
1799,742,京极高吉,,
1800,316,远藤胤俊,,
1801,1594,角隈石宗,/wikiid/3955131665805564616?source=search,
1802,1595,范礼安,/wikiid/2620486922863022244?source=search,
1803,952,寺泽广高,/wikiid/2738278822624945915?source=search,
1804,1601,利休七哲,/wikiid/6566190140018354814?source=search,
1805,1379,米津常春,/wikiid/7207947344182087109?source=search,
1806,1809,啄木鸟战法,/wikiid/5070102026158149484?source=search,
1807,1165,松平康忠,/wikiid/2154168965380462142?source=search,
1808,1166,松平康重,,
1809,1808,加判,,
1810,1812,城代,/wikiid/3592745941463973829?source=search,
1811,1167,松平忠吉,/wikiid/1361375177560977516?source=search,
1812,561,岛津忠邻,/wikiid/1278879086280603230?source=search,
1813,1168,松平忠吉 (樱井松平家),,
1814,1181,松田宪秀,/wikiid/5740873686280562085?source=search,
1815,538,朝仓景镜,/wikiid/400500240140875983?source=search,
1816,536,三好康长,,
1817,957,小寺氏职,,
1818,959,小山田虎满,,
1819,960,小岛弥太郎,/wikiid/1053659073931672757?source=search,
1820,333,针生盛信,,
1821,329,蜂屋贞次,/wikiid/1550732712155994709?source=search,
1822,334,长谷川秀一,/wikiid/2005793314821432051?source=search,
1823,1170,松平忠正,/wikiid/5775867806538488900?source=search,
1824,324,蒲生贤秀,,
1825,1384,粟屋元亲,,
1826,745,今井信元,,
1827,747,今福友清,,
1828,744,京极高知,,
1829,336,羽柴秀胜,/wikiid/948529560799185381?source=search,
1830,2011,惣无事令,,
1831,1174,松平亲乘,,
1832,1173,松平真乘,,
1833,2012,乐市乐座,/wikiid/6166283857055733296?source=search,
1834,1395,细川辉经,,
1835,758,伊集院忠朗,/wikiid/2600547377741368128?source=search,
1836,2013,生野代官所,,
1837,2018,黄母衣众,,
1838,539,武井夕庵,/wikiid/1947177085537560031?source=search,
1839,2017,院宣,,
1840,1604,土桥重治,,
1841,540,武藤舜秀,/wikiid/2306321392408585527?source=search,
1842,544,坂崎直盛,/wikiid/2664825639300117625?source=search,
1843,545,佐久间安政,,
1844,1183,松田盛秀,,
1845,748,他国众,/wikiid/6656298253119338544?source=search,
1846,750,伊奈忠次,/wikiid/6610786210445060289?source=search,
1847,757,伊集院忠仓,/wikiid/4402984938027053132?source=search,
1848,751,伊奈昭纲,,
1849,756,伊达政隆,,
1850,1605,岩佐又兵卫,/wikiid/3900104907604549462?source=search,
1851,1606,施药院全宗,/wikiid/879861024676293339?source=search,
1852,1817,守护代,/wikiid/1185842605862957390?source=search,
1853,1608,果心居士,/wikiid/3160019385876709825?source=search,
1854,967,小早川弘景 (第十一代当主),,
1855,968,小早川兴景,,
1856,115,一色义道,/wikiid/100138276216029750?source=search,
1857,124,上杉房能,,
1858,121,上杉宪房 (战国时代),,
1859,1176,松平重胜,,
1860,549,佐佐孙介,/wikiid/9025321661495288019?source=search,
1861,1402,织田信定,/wikiid/5166202904349481441?source=search,
1862,556,柴田胜政,/wikiid/954860411592956119?source=search,
1863,1177,松本氏辅,,
1864,1178,松永久通,,
1865,1180,松田康长,,
1866,1179,松田康乡,/wikiid/7488974938014821923?source=search,
1867,1821,小早,/wikiid/1085444110761533329?source=search,
1868,970,小栗忠政,,
1869,1826,山城守藤原国清,,
1870,971,小梁川宗秀,,
1871,972,小梁川盛宗,/wikiid/8399815284617166323?source=search,
1872,1188,柳生宗章,/wikiid/8987745440576013556?source=search,
1873,975,小笠原信之,,
1874,973,小田政治,/wikiid/4776504089362472638?source=search,
1875,1614,翁翊皇,/wikiid/294723956891248575?source=search,
1876,1398,织田信光,/wikiid/4104296684353542256?source=search,
1877,1400,织田信友,/wikiid/2813008324144231488?source=search,
1878,1613,百地丹波,,
1879,1609,津田宗及,/wikiid/2021771393682828049?source=search,
1880,815,前田茂胜,,
1881,2030,东山御物,,
1882,2031,细川政权 (战国时代),,
1883,2035,镰仓府,/wikiid/2729727330689524861?source=search,
1884,816,加地秀纲,,
1885,1248,池田恒利,,
1886,339,林秀贞 (武士),,
1887,129,二本松义纲,,
1888,340,林通政,/wikiid/10431007943090971?source=search,
1889,342,平岩亲吉,/wikiid/4034136263097674357?source=search,
1890,2043,甲府城,/wikiid/7259718004394646038?source=search,
1891,1623,南朝 (日本),,
1892,2076,旭姬,/wikiid/7375841430008348710?source=search,
1893,1829,舍奸,/wikiid/8495582616655142614?source=search,
1894,1833,早云寺殿廿一个条,,
1895,1830,新宫党,/wikiid/4900709656072390115?source=search,
1896,557,柴田胜丰,/wikiid/6770244647765971011?source=search,
1897,1675,嘉吉之乱,/wikiid/5282562524998236285?source=search,
1898,182,山名丰数,,
1899,769,佐治一成,/wikiid/2321003181156444558?source=search,
1900,1619,鹿儿岛的伯尔纳多,,
1901,402,加藤贞泰,,
1902,1618,长次郎,/wikiid/7118560902389843976?source=search,
1903,820,北条景广,/wikiid/5716880180474229867?source=search,
1904,1236,毛受胜照,/wikiid/7205600212157404073?source=search,
1905,817,加藤光泰,/wikiid/4361686900627233700?source=search,
1906,821,北条氏光,,
1907,1680,永享之乱,/wikiid/7772926787925527424?source=search,
1908,980,小笠原康广,,
1909,1835,月行事,,
1910,2038,会津征伐,,
1911,1189,柴田胜重,,
1912,133,伊东义益,,
1913,1408,织田信治,/wikiid/5819144678046918539?source=search,
1914,1409,织田信清,/wikiid/6439740004338086918?source=search,
1915,135,伊达尚宗,/wikiid/6925975573898006500?source=search,
1916,141,佐野宗纲,,
1917,143,别所安治,,
1918,144,别所就治,/wikiid/5009325298748366048?source=search,
1919,563,岛津豊久,,
1920,571,进士晴舍,,
1921,774,佐竹义斯,,
1922,775,佐竹义种,,
1923,777,来岛长亲,/wikiid/3864583068104786895?source=search,
1924,780,保科正俊,/wikiid/7049352873577128452?source=search,
1925,985,小笠原长房,,
1926,1626,三津七凑,,
1927,2045,小笠原万姬,,
1928,1196,森下道誉,,
1929,350,保科正直,,
1930,1625,一番枪,/wikiid/1499514197187031589?source=search,
1931,1634,地侍,/wikiid/8973545623875083982?source=search,
1932,1199,森可行,,
1933,1632,土一揆,/wikiid/3499254307978579134?source=search,
1934,1630,北山文化 (日本),,
1935,1633,土豪 (日本),,
1936,1635,守护大名,/wikiid/2819655111893943404?source=search,
1937,1201,森本一久,/wikiid/4203706923446577802?source=search,
1938,1200,森可隆,,
1939,1202,森重政 (旗本),,
1940,359,百武贤兼,/wikiid/1925705829069727587?source=search,
1941,1415,织田信高,/wikiid/5572355688130171801?source=search,
1942,366,池田元助,/wikiid/64472006675987891?source=search,
1943,362,一条信龙,/wikiid/864731433656784400?source=search,
1944,354,北条氏忠,/wikiid/7203049645690287021?source=search,
1945,1418,织田长孝,,
1946,1420,细川稙国,,
1947,1417,织田达胜,/wikiid/1613152659758009997?source=search,
1948,1416,织田广良,,
1949,2047,武田信吉,/wikiid/3228388496913066838?source=search,
1950,2053,上野东照宫,/wikiid/9134589594943609410?source=search,
1951,2056,三河物语,/wikiid/3868846775404145583?source=search,
1952,2048,冈崎城,/wikiid/5617694717253800682?source=search,
1953,2058,上田七本枪,/wikiid/7329500490584770728?source=search,
1954,782,儿玉就忠,/wikiid/4084814760977894063?source=search,
1955,784,入来院重聪,,
1956,785,入田亲诚,,
1957,788,内藤信成,,
1958,993,尼子伦久,/wikiid/830336223908330452?source=search,
1959,996,尼子丰久,/wikiid/3426729114660792756?source=search,
1960,995,尼子清定,,
1961,994,尼子敬久,/wikiid/3346437190375210945?source=search,
1962,1204,植村家存,,
1963,1205,植村氏明,,
1964,1207,楯冈满茂,/wikiid/7458423513296751863?source=search,
1965,1203,森高次,,
1966,149,南部安信,/wikiid/1687670444646629095?source=search,
1967,147,北畠晴具,/wikiid/7084208118738359582?source=search,
1968,153,土岐赖纯,,
1969,148,北畠材亲,,
1970,1851,足轻大将,,
1971,1852,车悬,/wikiid/518449854963623964?source=search,
1972,1862,羽柴秀胜,,
1973,1855,杂贺众,,
1974,1642,小早,/wikiid/1085444110761533329?source=search,
1975,1636,守护代,/wikiid/1185842605862957390?source=search,
1976,1641,宿老,/wikiid/5127930025299814991?source=search,
1977,1640,家宰,/wikiid/5040011365466158367?source=search,
1978,1428,荒木村次,/wikiid/5920420360453937379?source=search,
1979,798,关口亲永,,
1980,1424,臼杵鉴速,/wikiid/1359793919142480934?source=search,
1981,1425,花房正幸,/wikiid/3670028520577007591?source=search,
1982,1429,荒木氏纲,,
1983,1029,冈部久纲,/wikiid/8812486881432169816?source=search,
1984,1027,冈田重善,/wikiid/6355449751388609070?source=search,
1985,1028,冈田重孝,/wikiid/5611296846568984131?source=search,
1986,1026,冈田善同,,
1987,793,内藤清长,,
1988,792,内藤昌月,,
1989,791,内藤政长,/wikiid/7719516390603853082?source=search,
1990,794,内藤义清,,
1991,1215,横田高松,/wikiid/3494697842516775093?source=search,
1992,1006,山口直友,/wikiid/8322222049093050391?source=search,
1993,1213,横濑泰繁,,
1994,1214,横田康景,,
1995,1431,菅沼定村,,
1996,1216,横道秀纲,,
1997,369,稻叶正成,/wikiid/2095308932090935840?source=search,
1998,604,伴长信,,
1999,372,井上政重,,
2000,377,石川丈山,,
2001,375,石川高信,/wikiid/6958787776918222055?source=search,
2002,2060,下山殿,/wikiid/1949200168489132824?source=search,
2003,1010,山家三方众,,
2004,1007,山口重政,,
2005,1008,山吉丰守,/wikiid/7161298402509325965?source=search,
2006,1238,氏家光氏,/wikiid/7574132200824010734?source=search,
2007,1885,佛敌,,
2008,801,冷泉元丰,,
2009,800,冈国高,,
2010,1650,有德人,,
2011,1439,藤田行政,,
2012,165,宇都宫尚纲,,
2013,590,高冈宗弼,/wikiid/2877044972417085603?source=search,
2014,805,别所治定,,
2015,1438,藤泽赖亲,,
2016,1013,山冈景佐,,
2017,1440,药师寺元一,,
2018,592,武田信廉,/wikiid/2326176390981983082?source=search,
2019,597,田北绍铁,,
2020,1456,丰臣秀胜,/wikiid/8409608573492990193?source=search,
2021,1229,毛利胜信,/wikiid/2862637010194164548?source=search,
2022,1655,遣明使,/wikiid/8156599499595158365?source=search,
2023,1228,毛利两川,,
2024,1226,毛利元氏,,
2025,1227,毛利元秋,/wikiid/9203373649150335772?source=search,
2026,1660,嘉吉之乱,/wikiid/5282562524998236285?source=search,
2027,1033,岩城常隆,/wikiid/195045647507018406?source=search,
2028,1031,冈部长盛,,
2029,1035,岩室重休,,
2030,171,小早川正平,,
2031,169,小寺政职,,
2032,1874,织田信好,/wikiid/948994209224418777?source=search,
2033,1873,织田信吉,/wikiid/4829018584163135229?source=search,
2034,398,糟屋武则,/wikiid/4584540056406931787?source=search,
2035,399,片桐且元,/wikiid/6225487295817150500?source=search,
2036,386,甲斐亲宣,,
2037,384,菊池义武,/wikiid/7065970032794965285?source=search,
2038,405,贵田统治,,
2039,1447,角田新五,,
2040,1445,蛎崎基广,,
2041,1444,蟹江七本枪,,
2042,1446,西尾光教,,
2043,813,前田正虎,/wikiid/101781536876614247?source=search,
2044,184,岩城常隆,/wikiid/195045647507018406?source=search,
2045,2073,振姬,/wikiid/4868000673857043519?source=search,
2046,401,加藤嘉明,/wikiid/7722852853125683197?source=search,
2047,186,岩松守纯,,
2048,1459,猪饲升贞,,
2049,1460,贱岳七本枪,/wikiid/2660057344076487734?source=search,
2050,1458,猪苗代盛国,,
2051,1244,江马辉盛,,
2052,826,北条纲高,/wikiid/5187602113896997467?source=search,
2053,824,北条为昌,,
2054,823,北条氏繁,/wikiid/2776162823641289330?source=search,
2055,832,十阿弥,/wikiid/2543805109988895654?source=search,
2056,830,北畠亲成,,
2057,2099,养俨院,/wikiid/166854872199025957?source=search,
2058,622,土屋昌恒,/wikiid/1307743894406302676?source=search,
2059,407,吉川兴经,/wikiid/9054912674523037336?source=search,
2060,2093,西郡局,/wikiid/8968198687374476648?source=search,
2061,409,木下胜俊,,
2062,1040,岛津忠之,,
2063,1041,岛津忠将,,
2064,1465,赤松氏满,,
2065,1045,岛津运久,,
2066,1466,赤松祐高,,
2067,1048,川上忠克,/wikiid/5508872575095061939?source=search,
2068,1468,近藤康用,,
2069,1469,远山友胜,,
2070,1903,浮野之战,/wikiid/7293026694623495725?source=search,
2071,1475,远矢良贤,,
2072,1906,相应院 (蒲生氏乡正室),,
2073,1049,川上忠智,/wikiid/183066853807446112?source=search,
2074,1476,远藤宗信,,
2075,629,上田长则,,
2076,626,津野亲忠,/wikiid/7073341136542735782?source=search,
2077,627,角隈石宗,/wikiid/3955131665805564616?source=search,
2078,630,上田宪定,,
2079,1051,工藤虎丰,/wikiid/7619582347542065259?source=search,
2080,1482,酒井忠尚,,
2081,1480,那须资永,,
2082,206,武田元繁,,
2083,1481,酒井家次,/wikiid/3214203150227149787?source=search,
2084,1483,酒井重忠,/wikiid/7538292356430878554?source=search,
2085,1261,海野栋纲,,
2086,1260,津田信益,,
2087,1262,淡轮重政,,
2088,843,吉江景资,,
2089,844,吉田重俊,/wikiid/5913051872990732057?source=search,
2090,211,河野通宣 (左京大夫),,
2091,210,河野通宣 (刑部大辅),,
2092,846,吉良亲实,/wikiid/3639208507273851229?source=search,
2093,845,吉良义昭,,
2094,2115,鴫野之战,/wikiid/7016174951488470146?source=search,
2095,2110,?井之战,,
2096,1136,本多忠丰,/wikiid/2997958349795609355?source=search,
2097,1160,松平家广 (形原松平家),,
2098,707,上泉泰纲,,
2099,403,河田长亲,/wikiid/2101440274854464039?source=search,
2100,677,一色义清 (越前守),/wikiid/799589584379847433?source=search,
2101,656,安田景元,,
2102,922,宇喜多忠家,,
2103,776,佐脇良之,,
2104,772,佐竹义久,,
2105,944,富永直胜,,
2106,961,小岛职镇,,
2107,981,小笠原忠修,,
2108,1461,赤尾清纲,/wikiid/3613478779985350592?source=search,
2109,151,南部晴继,/wikiid/7828524459694092633?source=search,
2110,190,户泽道盛,,
2111,330,蜂屋赖隆,/wikiid/8894948219554609255?source=search,
2112,351,细川藤贤,,
2113,361,出浦盛清,/wikiid/9143734665956004444?source=search,
2114,1638,安宅船,/wikiid/6712427703785264109?source=search,
2115,376,石川昭光,/wikiid/8895100733358631482?source=search,
2116,1037,岸田忠氏,,
2117,1410,织田信直,,
2118,-1,甲州征伐,/wikiid/7816147076767818660?source=search,